,storyTime,isAcceptGift,difficultyLevel,tutorialTime,duration,clickRate,goodRate,moveNum,npcHitRate,keepaway,hitRate,feedback,score1,batteryTimes,getbackRate,mismatchRate,badRate,giftType,isUpload,IsRealScore,bugTimes,replayTimes,filterLenTimes,signalTimes,impulseTimes,morePolicy
0,0.1,1,1,3.3,0,2543,50.99%,5.1,84.50%,7.4,86.12%,12.38%,156.9,14,54.32%,36.41%,51.96%,1,0,-1,1,1,3,5,1,1
1,21.5,0,2,13.7,0,940,20.78%,94.3,87.06%,45.4,38.80%,86.89%,29.9,2,21.10%,69.23%,56.42%,0,0,-1,1,1,0,0,0,1
2,16.3,1,0,3.0,0,75,85.01%,17.5,93.53%,41.6,80.60%,48.68%,89.7,6,17.01%,15.82%,63.20%,2,1,-1,1,0,0,0,0,1
3,0.4,1,0,30.9,0,2024,55.01%,24.7,17.21%,58.5,95.48%,75.03%,4.1,10,76.75%,79.01%,57.50%,1,1,0,0,0,0,4,0,0
4,0.0,0,2,31.6,1,1077,83.97%,24.0,89.68%,148.5,99.09%,13.70%,5.5,5,97.55%,69.58%,88.92%,0,1,0,0,1,0,2,0,0
5,0.3,0,1,22.2,1,871,37.98%,31.3,42.60%,62.3,93.54%,47.92%,161.4,6,52.57%,92.12%,86.08%,1,0,-1,1,1,1,0,2,0
6,27.0,0,0,3.6,0,881,27.02%,41.6,88.36%,74.7,87.81%,59.42%,11.7,1,81.05%,10.91%,11.83%,0,1,-1,0,0,0,0,0,1
7,14.4,0,2,41.1,0,380,40.39%,71.4,97.78%,75.7,27.11%,20.54%,4.2,1,65.92%,20.03%,56.10%,0,0,-1,0,0,0,0,0,1
8,0.0,1,0,2.1,1,2667,47.07%,15.4,15.18%,4.6,49.28%,23.85%,44.7,4,22.45%,80.04%,69.15%,1,0,-1,0,1,0,4,0,0
9,13.2,1,0,49.1,0,688,83.03%,4.4,12.82%,17.1,51.94%,49.15%,120.8,10,28.12%,14.88%,64.90%,2,0,-1,1,1,1,5,0,0
10,3.1,0,2,2.6,0,129,88.27%,90.7,86.49%,32.4,30.94%,30.25%,105.4,3,80.03%,06.93%,94.52%,2,0,-1,0,1,0,0,0,0
11,27.6,0,0,2.3,0,435,22.40%,4.1,05.94%,38.8,51.54%,59.92%,59.5,0,86.42%,35.01%,96.00%,0,0,-1,0,1,0,0,0,1
12,2.6,1,0,34.4,0,595,16.16%,4.7,68.21%,180.7,63.38%,18.93%,15.4,4,46.44%,82.91%,94.41%,1,1,0,0,1,1,2,2,0
13,43.0,1,1,40.1,0,1090,36.25%,19.1,27.09%,15.9,23.43%,99.56%,7.4,3,71.30%,91.75%,94.22%,0,0,-1,1,1,1,0,0,1
14,1.8,1,0,2.1,1,1805,20.78%,4.1,58.20%,33.1,36.30%,45.60%,12.8,4,68.22%,64.10%,97.25%,2,1,1,0,1,0,1,1,0
15,11.8,1,2,2.9,0,27,68.41%,161.4,66.15%,56.3,88.77%,56.44%,4.1,14,46.59%,06.61%,16.84%,0,1,-1,1,0,2,0,0,0
16,45.0,0,2,75.9,0,46,35.99%,32.4,19.31%,106.3,12.43%,13.79%,23.5,15,02.69%,89.05%,83.72%,0,1,0,0,1,0,0,5,1
17,10.9,0,1,83.5,1,2481,62.64%,184.6,52.90%,76.2,63.54%,87.49%,5.6,12,01.85%,46.39%,23.98%,2,0,-1,1,1,0,0,0,0
18,52.2,1,2,2.3,0,561,64.15%,36.3,54.44%,19.0,30.17%,07.07%,13.9,11,38.08%,26.61%,18.95%,1,1,0,1,0,0,3,5,1
19,0.0,1,1,5.2,0,110,16.20%,171.2,40.82%,132.1,59.80%,17.76%,4.2,3,09.29%,55.26%,38.58%,1,1,1,0,0,2,5,1,1
20,0.1,1,0,38.3,1,333,65.31%,4.6,30.48%,40.7,23.25%,45.78%,4.2,14,90.90%,79.94%,44.08%,0,0,-1,0,0,1,0,2,1
21,17.1,1,1,5.2,0,2533,44.47%,37.3,44.74%,37.3,67.21%,70.27%,4.4,8,64.66%,74.83%,81.31%,0,0,-1,0,1,1,1,3,0
22,49.9,0,2,4.8,0,184,07.69%,165.5,11.61%,7.9,33.56%,93.39%,31.9,2,46.99%,71.99%,16.52%,1,1,1,0,0,0,0,1,1
23,1.1,0,0,3.0,1,444,86.32%,168.3,31.27%,18.3,17.49%,87.25%,60.3,5,28.67%,23.22%,68.51%,0,1,-1,0,0,4,0,1,0
24,7.0,1,2,35.3,1,141,48.57%,17.7,80.10%,113.8,42.72%,24.26%,4.1,0,39.58%,65.13%,21.32%,1,0,-1,1,0,0,0,0,0
25,1.3,0,1,3.2,1,92,98.00%,140.7,91.79%,65.4,86.35%,61.56%,12.1,2,25.65%,08.44%,04.74%,1,1,0,0,0,0,0,1,0
26,14.3,1,1,2.2,0,392,24.79%,6.6,92.22%,37.4,19.83%,97.45%,4.3,3,73.55%,88.91%,53.40%,0,1,1,1,0,5,0,0,1
27,30.4,1,2,2.2,1,1285,32.72%,166.4,16.38%,38.9,66.88%,31.26%,30.2,8,39.45%,52.73%,24.65%,2,0,-1,1,0,1,1,0,1
28,19.4,1,1,2.2,1,310,27.49%,129.0,47.53%,79.9,36.71%,74.53%,22.1,0,63.51%,47.31%,88.73%,1,1,-1,0,1,4,0,0,0
29,0.2,1,0,3.0,1,341,20.65%,12.1,99.86%,62.4,40.85%,43.60%,19.9,10,81.60%,21.56%,56.66%,1,1,1,0,0,0,0,0,1
30,0.0,1,0,4.9,1,221,83.79%,5.3,26.39%,83.4,68.22%,96.27%,24.2,0,95.88%,80.83%,51.27%,2,0,-1,0,0,0,0,0,0
31,4.0,1,1,12.8,1,328,48.17%,123.5,42.49%,167.5,25.24%,94.53%,84.6,2,12.23%,25.10%,14.76%,0,0,-1,0,0,4,1,0,0
32,74.3,1,2,6.1,1,1671,60.75%,16.3,52.47%,7.7,92.10%,89.66%,10.0,13,25.10%,17.78%,42.96%,1,1,-1,0,1,4,1,0,0
33,78.9,1,0,6.5,0,1477,40.70%,4.9,08.48%,32.9,83.48%,98.62%,15.2,7,49.12%,85.16%,22.41%,1,0,-1,0,0,0,5,0,0
34,14.9,0,1,2.3,0,631,60.66%,53.6,86.84%,170.5,22.92%,67.64%,16.5,3,21.88%,63.18%,91.31%,0,0,-1,1,0,0,5,0,1
35,55.0,0,2,4.8,0,371,18.55%,81.7,68.49%,19.6,48.60%,54.51%,104.2,3,12.21%,32.15%,38.83%,0,1,0,1,0,0,2,0,1
36,0.0,0,2,2.9,1,83,52.01%,5.0,04.32%,15.5,24.01%,47.17%,7.7,8,91.25%,76.57%,51.04%,1,0,-1,1,1,0,0,0,1
37,48.7,1,0,11.2,1,939,71.63%,4.1,86.05%,17.2,94.95%,70.01%,84.4,12,27.91%,13.16%,96.53%,0,0,-1,0,0,0,3,0,0
38,11.9,0,2,2.3,1,317,91.98%,59.6,47.76%,33.5,84.61%,52.33%,25.8,2,39.65%,91.03%,99.93%,1,1,1,0,1,0,1,0,0
39,0.4,0,1,19.9,0,244,85.68%,24.4,29.74%,5.1,61.23%,56.47%,44.4,0,42.85%,23.58%,25.53%,2,1,-1,0,1,0,0,0,0
40,4.9,1,2,13.4,0,979,27.30%,25.8,28.60%,31.3,39.63%,85.69%,19.8,12,91.87%,67.38%,41.23%,0,0,-1,1,1,0,5,0,1
41,16.8,0,0,7.1,0,739,21.53%,4.1,98.32%,92.2,36.09%,11.79%,59.5,7,31.85%,27.62%,45.21%,2,1,0,1,0,2,2,0,1
42,11.1,1,0,28.8,0,340,67.61%,88.3,49.04%,10.2,56.63%,63.06%,5.1,3,52.41%,84.51%,52.21%,1,0,-1,0,1,1,0,0,1
43,36.0,0,2,29.8,0,686,17.49%,4.1,17.30%,38.8,41.07%,45.52%,4.2,3,71.51%,86.77%,08.81%,0,1,-1,0,1,0,3,0,1
44,68.7,1,0,2.4,0,1431,08.55%,6.6,22.00%,39.0,42.25%,87.60%,13.6,6,01.07%,07.76%,14.18%,2,1,-1,0,0,2,1,2,0
45,1.6,1,0,4.6,1,1066,70.04%,6.2,42.83%,41.8,80.20%,86.96%,13.4,2,41.18%,81.44%,55.07%,2,1,1,0,1,2,4,2,0
46,0.6,0,1,24.8,1,2330,31.70%,28.9,23.42%,10.8,91.93%,78.26%,150.9,4,81.89%,03.65%,31.21%,2,1,1,1,1,5,1,0,0
47,0.0,0,1,8.5,1,1190,32.77%,39.7,46.72%,130.0,20.60%,37.57%,34.4,1,32.07%,45.79%,66.39%,2,1,1,1,1,1,0,0,0
48,4.4,1,2,6.1,0,724,69.89%,107.9,77.51%,62.0,11.73%,42.74%,45.5,0,69.61%,26.03%,22.46%,2,0,-1,0,0,0,0,0,1
49,0.4,0,2,2.4,1,1092,87.96%,94.3,66.16%,176.2,08.09%,95.82%,4.1,14,69.12%,05.67%,24.10%,1,1,-1,0,0,4,2,5,1
50,0.0,0,1,15.1,0,176,15.68%,4.1,63.20%,5.0,43.57%,09.50%,4.1,11,04.65%,68.73%,65.91%,1,1,0,0,1,1,0,0,0
51,10.9,0,1,10.1,0,158,27.66%,31.5,86.98%,2.1,42.81%,60.23%,40.8,10,89.69%,90.83%,84.00%,1,0,-1,0,1,0,1,0,1
52,74.0,1,2,3.9,1,144,15.99%,99.7,88.89%,38.0,62.18%,69.66%,37.9,11,21.09%,75.34%,48.08%,1,1,1,0,1,3,1,4,0
53,4.7,0,1,12.7,1,438,69.60%,106.6,35.97%,171.0,08.05%,86.42%,4.2,0,87.00%,09.89%,51.22%,2,1,1,1,0,0,5,0,1
54,0.0,0,2,2.3,1,1961,04.32%,131.5,65.69%,58.6,52.38%,71.63%,4.1,8,27.22%,04.00%,07.66%,2,0,-1,0,0,0,0,1,1
55,78.6,0,0,3.1,1,705,13.39%,149.1,86.89%,27.5,70.31%,68.97%,44.8,0,81.15%,75.92%,24.15%,2,0,-1,0,0,0,2,0,0
56,38.3,0,0,2.1,1,409,02.68%,59.6,31.54%,73.4,89.57%,89.17%,5.0,8,22.36%,40.88%,07.54%,1,1,0,0,0,2,0,0,1
57,2.9,0,1,2.1,1,118,36.62%,46.0,46.70%,30.2,63.26%,57.34%,16.0,0,77.79%,38.64%,27.03%,1,0,-1,1,0,0,5,0,1
58,0.2,0,2,64.6,1,1097,58.14%,24.0,88.10%,166.7,03.16%,56.87%,12.6,2,56.08%,64.22%,91.57%,0,1,-1,1,0,2,1,0,1
59,31.6,1,2,69.9,1,131,73.93%,4.1,93.27%,3.9,57.12%,23.44%,74.8,6,27.04%,67.27%,08.20%,0,0,-1,0,0,3,2,0,0
60,0.0,0,2,22.9,0,190,16.11%,100.8,32.95%,114.9,31.00%,06.43%,34.8,0,39.21%,74.64%,30.91%,0,1,0,0,0,0,5,1,1
61,69.0,0,1,18.8,1,1045,44.65%,26.2,98.19%,129.2,77.05%,56.37%,4.5,9,23.74%,68.31%,54.49%,0,0,-1,0,0,1,2,0,0
62,7.0,1,0,18.2,0,214,06.57%,21.4,12.56%,27.7,61.52%,03.44%,33.6,8,38.33%,76.56%,99.66%,1,0,-1,1,0,0,0,0,1
63,43.3,1,0,5.4,0,2295,46.08%,28.1,95.95%,16.1,54.43%,19.35%,4.1,12,90.31%,89.96%,01.90%,0,0,-1,0,1,0,0,2,1
64,31.2,1,0,23.0,1,1944,92.23%,24.2,17.02%,136.6,86.42%,86.92%,56.1,3,14.56%,02.49%,16.41%,0,0,-1,1,0,1,0,0,1
65,0.0,1,0,3.5,0,22,18.53%,60.3,70.18%,37.8,60.29%,39.66%,60.4,7,31.56%,94.20%,47.89%,0,0,-1,1,0,4,0,2,0
66,4.5,1,0,19.0,0,564,08.75%,120.4,69.49%,126.3,40.29%,66.21%,4.1,5,82.54%,31.68%,57.13%,0,1,-1,1,0,0,0,0,1
67,8.4,0,0,3.1,1,948,10.77%,6.0,70.94%,133.0,28.01%,90.24%,86.3,3,10.37%,49.14%,30.33%,1,1,0,1,0,1,2,3,1
68,21.6,1,1,4.0,0,157,13.31%,6.0,94.88%,119.3,56.98%,07.09%,11.9,15,17.63%,62.06%,58.02%,2,1,-1,0,1,0,0,0,1
69,0.9,1,2,2.5,0,701,76.93%,51.0,24.34%,174.1,64.48%,67.92%,7.0,7,11.43%,15.93%,36.12%,0,0,-1,0,0,3,0,2,1
70,78.5,1,1,48.5,1,2513,74.54%,113.0,14.23%,162.6,48.11%,35.09%,4.3,14,48.50%,65.01%,47.22%,1,1,0,0,1,2,0,4,0
71,0.0,1,1,4.9,0,345,98.06%,4.2,67.90%,9.8,69.13%,20.01%,10.7,0,60.08%,77.54%,39.41%,2,1,0,0,1,0,5,0,1
72,1.9,0,1,5.2,1,165,64.51%,10.9,54.76%,65.9,63.77%,05.04%,4.9,1,64.46%,49.92%,84.74%,0,0,-1,0,0,0,2,0,1
73,0.0,1,0,74.1,0,132,35.02%,7.0,03.90%,45.7,34.27%,16.84%,4.3,0,80.35%,70.28%,86.50%,0,0,-1,0,1,3,1,0,0
74,78.1,0,2,87.4,0,296,94.95%,169.4,50.01%,127.9,30.51%,82.79%,4.7,0,25.55%,99.98%,23.47%,2,1,-1,1,0,2,0,0,0
75,15.0,1,0,15.7,1,1769,66.05%,55.8,57.33%,68.4,10.58%,09.61%,4.1,12,75.73%,24.92%,64.29%,1,1,1,0,1,4,0,0,0
76,54.6,0,0,36.1,1,559,13.68%,4.2,95.32%,44.1,74.26%,12.57%,17.2,2,50.92%,95.58%,88.36%,2,0,-1,0,0,1,0,0,0
77,25.7,0,2,2.2,1,756,09.96%,13.2,35.32%,53.0,89.59%,82.16%,7.2,6,30.39%,83.48%,99.90%,0,0,-1,1,1,0,0,0,0
78,2.2,1,1,4.2,0,158,14.59%,67.4,03.14%,37.7,58.64%,92.41%,54.3,3,29.67%,02.16%,35.90%,2,0,-1,0,0,3,3,0,0
79,75.8,0,0,4.9,0,2610,41.62%,7.5,98.26%,140.6,98.83%,56.00%,57.5,5,85.89%,66.81%,92.59%,0,1,-1,0,0,1,4,0,0
80,15.5,1,1,7.7,0,2464,98.51%,54.9,25.38%,28.7,82.97%,21.11%,4.3,4,57.09%,61.52%,19.52%,0,0,-1,0,0,5,0,0,1
81,2.6,1,0,11.4,0,936,51.71%,40.7,94.07%,10.3,38.51%,92.62%,17.4,9,60.48%,22.58%,53.48%,1,0,-1,1,1,0,0,0,1
82,0.8,0,2,2.2,1,1466,60.03%,5.1,24.81%,15.7,47.68%,78.63%,93.8,7,02.79%,81.06%,51.93%,0,0,-1,1,0,2,0,0,1
83,9.9,0,1,3.5,0,287,55.61%,143.7,52.63%,26.7,54.95%,50.50%,4.3,3,18.87%,03.72%,96.06%,2,1,0,1,1,0,5,1,1
84,5.1,1,1,3.3,1,282,38.55%,89.5,22.09%,113.4,63.93%,78.69%,7.1,6,96.29%,97.48%,31.32%,0,1,1,0,0,0,4,5,1
85,20.4,0,2,2.1,0,95,11.51%,162.8,52.55%,47.2,10.17%,71.64%,17.5,10,39.05%,14.99%,10.56%,0,0,-1,1,1,0,0,0,0
86,0.0,0,1,2.4,0,166,89.28%,102.7,55.31%,37.8,73.66%,62.82%,9.3,0,25.45%,90.73%,04.51%,2,0,-1,0,1,1,2,0,1
87,2.4,1,0,3.5,1,765,16.80%,4.2,26.74%,5.6,47.92%,33.66%,4.1,1,83.02%,04.98%,44.29%,0,0,-1,1,0,0,0,0,0
88,0.3,1,2,36.3,0,1450,44.81%,4.2,48.01%,79.7,56.50%,68.46%,4.1,4,54.94%,89.13%,36.46%,1,0,-1,0,1,1,0,0,1
89,0.1,0,1,51.0,1,143,69.50%,156.1,09.71%,70.0,42.31%,30.33%,5.0,1,01.56%,34.97%,65.05%,0,1,-1,1,0,0,1,0,1
90,26.2,1,1,3.6,1,888,68.39%,7.9,03.27%,11.9,24.06%,58.21%,4.1,0,62.91%,78.54%,62.48%,0,1,1,1,0,5,1,1,0
91,16.3,1,2,2.2,0,651,52.78%,175.4,49.74%,18.6,24.40%,49.86%,4.7,5,38.81%,13.47%,76.60%,0,0,-1,1,1,2,0,1,1
92,2.4,1,2,11.3,0,137,10.91%,8.2,45.00%,89.9,95.42%,03.81%,19.8,4,61.93%,08.69%,59.87%,1,0,-1,1,1,5,5,1,0
93,50.1,0,0,68.4,0,410,78.08%,170.2,74.35%,13.3,33.39%,00.93%,91.2,6,66.94%,80.73%,13.96%,1,1,1,0,0,0,0,0,0
94,33.5,1,0,10.6,0,1758,38.97%,4.7,49.68%,25.4,24.72%,25.80%,9.5,8,92.05%,83.40%,12.45%,0,0,-1,0,1,1,3,6,0
95,7.0,0,0,2.8,0,616,93.83%,86.1,10.39%,16.7,60.24%,05.74%,22.5,5,02.43%,52.34%,99.97%,2,1,0,1,0,0,2,0,0
96,13.1,1,1,2.7,1,2358,80.28%,173.6,49.26%,90.0,83.53%,25.13%,23.9,7,06.08%,45.85%,77.46%,2,0,-1,0,1,1,0,1,1
97,14.8,1,2,3.0,0,1233,78.53%,177.0,99.92%,7.1,53.68%,85.91%,39.5,1,07.29%,14.71%,06.09%,2,0,-1,0,0,0,3,0,1
98,3.5,1,1,9.1,1,361,60.88%,128.5,66.39%,108.1,35.06%,99.70%,54.5,14,66.76%,59.02%,73.64%,0,0,-1,0,1,5,0,2,0
99,0.0,1,2,5.8,0,1625,75.19%,74.6,93.07%,3.6,80.91%,09.03%,4.1,12,66.86%,21.84%,14.09%,0,1,-1,0,1,0,4,4,1
100,15.4,0,0,2.2,0,356,24.53%,167.4,91.46%,31.4,98.45%,91.54%,21.4,0,98.54%,26.47%,34.47%,2,1,1,1,1,0,0,0,1
101,0.1,1,0,26.7,1,60,80.34%,26.8,48.74%,23.7,10.74%,95.15%,11.7,3,95.31%,47.22%,88.58%,0,1,1,0,1,0,5,0,1
102,7.8,0,2,2.7,0,1057,78.54%,5.5,49.36%,90.8,40.36%,24.05%,4.1,4,20.37%,14.65%,10.32%,1,1,1,0,1,1,1,3,1
103,2.9,1,1,32.1,1,615,76.37%,12.7,43.02%,75.0,58.60%,01.44%,71.3,9,09.40%,84.60%,68.02%,2,0,-1,1,1,5,0,0,0
104,0.4,1,0,7.6,1,1297,48.49%,30.3,49.82%,28.8,89.30%,74.75%,34.7,1,49.21%,58.11%,32.68%,0,0,-1,1,1,0,0,0,1
105,0.9,1,0,20.1,0,74,10.56%,4.7,92.37%,135.3,82.54%,19.66%,42.1,10,14.32%,77.93%,93.38%,2,1,-1,0,1,5,1,0,1
106,43.7,0,1,2.2,0,369,33.09%,10.3,33.40%,33.3,57.38%,32.26%,43.4,6,06.64%,79.72%,16.10%,1,0,-1,0,0,0,3,0,0
107,5.6,1,2,22.5,0,57,18.86%,28.5,09.67%,68.0,04.03%,06.56%,4.1,1,61.87%,57.98%,19.39%,0,0,-1,1,0,0,0,0,1
108,23.3,1,2,44.3,0,109,19.11%,70.3,43.03%,23.6,84.97%,51.30%,16.0,0,56.05%,61.34%,54.31%,1,0,-1,0,1,0,0,0,1
109,5.2,0,2,34.2,0,450,33.83%,71.9,85.52%,70.7,88.29%,17.48%,38.0,0,56.74%,16.83%,28.38%,1,1,-1,1,1,2,0,0,1
110,58.6,0,0,8.5,0,544,77.47%,6.2,03.76%,3.6,42.52%,49.12%,7.2,11,91.21%,33.20%,86.19%,1,1,-1,0,0,2,1,0,1
111,1.7,0,1,5.5,1,2233,73.85%,9.8,09.21%,42.0,66.89%,10.58%,40.0,5,78.45%,34.74%,08.28%,0,0,-1,0,0,0,4,0,0
112,0.2,0,2,3.0,0,2452,05.40%,4.3,21.19%,4.6,13.83%,63.07%,4.3,9,90.58%,19.48%,47.77%,0,1,-1,0,0,0,0,2,1
113,60.5,0,1,41.3,0,796,64.72%,11.6,30.78%,123.6,89.73%,56.19%,122.5,5,62.18%,58.96%,36.62%,2,1,0,1,0,2,0,0,0
114,0.8,0,2,25.1,1,2193,12.37%,47.7,17.72%,35.7,51.26%,34.26%,22.1,13,78.24%,49.82%,92.66%,0,0,-1,0,1,0,0,0,0
115,0.2,1,0,3.3,1,288,88.83%,70.9,01.22%,49.7,49.58%,16.49%,86.1,15,42.97%,11.18%,52.28%,0,0,-1,1,0,2,3,0,1
116,11.7,0,1,6.7,1,1512,49.36%,35.1,75.16%,20.9,33.73%,90.70%,4.6,4,71.92%,63.70%,73.36%,1,0,-1,1,0,0,4,0,0
117,19.3,0,0,11.5,1,1521,90.13%,96.4,02.67%,25.2,96.07%,88.88%,17.7,4,24.36%,52.89%,60.40%,0,1,-1,1,1,5,1,0,0
118,1.0,0,1,2.1,1,594,34.08%,27.8,73.68%,21.5,65.58%,02.64%,13.6,0,89.88%,19.63%,49.39%,1,1,-1,0,1,0,5,1,0
119,14.2,0,2,9.0,1,43,77.87%,43.2,26.95%,119.0,30.23%,06.45%,9.4,14,92.67%,32.98%,53.70%,0,1,0,0,0,0,3,0,1
120,6.9,1,2,24.8,0,635,83.24%,4.1,67.29%,4.0,32.57%,07.72%,4.1,10,34.84%,19.69%,61.53%,1,0,-1,0,1,0,1,0,0
121,0.0,1,0,2.2,1,98,64.10%,26.9,97.80%,83.8,71.78%,55.83%,165.3,15,28.48%,50.55%,65.85%,2,1,-1,0,0,5,1,3,0
122,73.6,1,2,2.1,0,51,01.77%,5.9,90.24%,16.0,76.94%,86.40%,4.1,15,72.16%,74.45%,38.69%,2,0,-1,1,1,3,5,0,1
123,57.8,1,2,2.5,0,411,71.19%,156.4,82.89%,58.9,21.76%,10.14%,6.9,0,43.97%,67.20%,13.70%,2,0,-1,1,1,2,1,0,1
124,47.4,0,2,2.6,1,2040,34.97%,39.9,68.23%,107.4,57.07%,38.12%,127.9,11,55.09%,33.94%,23.49%,2,0,-1,0,0,0,0,0,0
125,1.1,1,2,5.5,0,777,23.61%,62.4,18.72%,5.0,97.82%,16.40%,10.1,0,97.93%,83.14%,55.67%,1,0,-1,0,0,4,2,0,1
126,0.0,1,0,18.2,1,55,04.34%,5.7,38.91%,55.3,30.15%,49.98%,11.9,3,92.98%,11.72%,35.54%,0,1,0,0,0,2,1,0,1
127,46.2,0,0,4.4,0,236,22.69%,153.3,44.03%,18.3,82.55%,00.80%,53.6,2,39.11%,49.30%,32.02%,2,1,-1,0,0,2,0,0,0
128,10.1,0,2,63.9,0,1635,06.37%,4.8,41.83%,21.9,65.98%,86.18%,67.0,3,85.45%,38.52%,06.01%,2,1,1,1,0,1,0,0,1
129,0.0,0,2,45.1,1,931,17.58%,15.1,41.26%,125.1,46.00%,39.52%,4.3,7,09.03%,91.52%,84.03%,1,1,1,0,0,0,0,3,0
130,31.1,0,1,42.7,0,94,99.33%,167.6,81.83%,90.5,23.16%,98.31%,74.1,2,27.73%,40.72%,33.54%,0,0,-1,1,0,5,1,3,1
131,3.2,1,0,2.8,1,244,39.51%,163.2,76.09%,12.6,19.42%,00.24%,58.2,0,53.10%,07.52%,14.73%,0,0,-1,0,1,2,0,0,0
132,0.7,1,2,2.2,1,1076,28.38%,4.2,77.04%,26.2,43.21%,00.65%,37.7,2,24.37%,12.15%,33.58%,2,0,-1,1,0,5,5,0,1
133,25.3,0,2,7.0,1,267,73.55%,7.7,87.47%,131.2,96.00%,21.15%,32.2,0,30.13%,68.89%,96.66%,2,1,-1,1,0,0,4,2,1
134,17.7,0,0,40.5,0,205,100.00%,17.2,52.91%,115.0,67.43%,76.70%,25.6,4,21.13%,77.55%,62.86%,2,0,-1,0,0,0,0,0,0
135,0.0,1,1,4.2,0,2517,80.89%,4.1,61.40%,17.0,50.77%,40.77%,12.1,4,58.19%,51.04%,74.12%,0,0,-1,0,0,4,0,0,0
136,10.8,1,1,2.3,0,742,33.51%,31.1,50.93%,33.8,50.61%,00.85%,84.3,14,53.72%,08.47%,26.99%,0,0,-1,0,1,2,0,1,1
137,65.4,1,0,3.6,1,111,98.65%,136.3,19.48%,12.2,53.39%,23.31%,13.2,0,77.03%,11.44%,07.24%,0,1,1,1,1,1,0,0,1
138,7.6,1,1,2.1,0,188,63.41%,4.9,45.97%,5.2,81.66%,70.12%,24.1,0,86.23%,89.87%,20.47%,2,0,-1,1,0,0,0,0,1
139,0.6,1,0,3.8,1,713,72.95%,9.4,10.22%,29.5,80.86%,79.03%,94.9,6,41.07%,57.31%,83.69%,1,1,0,0,1,0,0,1,1
140,18.1,1,1,18.7,1,1445,05.44%,4.1,57.07%,6.4,24.22%,26.49%,4.1,11,81.21%,44.46%,16.87%,1,1,1,1,1,4,0,3,1
141,2.1,1,1,2.2,0,108,72.20%,9.6,31.79%,25.3,40.82%,37.98%,57.9,1,97.31%,61.30%,45.23%,0,0,-1,1,1,4,3,0,1
142,72.5,1,0,2.3,1,339,68.91%,143.5,76.78%,156.5,51.91%,12.54%,4.1,11,09.49%,51.89%,77.80%,1,1,-1,0,1,3,0,3,1
143,6.8,0,1,2.3,0,110,81.94%,108.0,20.48%,48.7,95.51%,59.49%,7.0,10,65.11%,36.48%,96.12%,1,0,-1,0,0,0,0,0,1
144,42.1,1,2,3.1,0,1595,65.08%,4.1,75.35%,32.1,79.46%,03.11%,5.8,14,52.19%,91.43%,69.30%,2,0,-1,0,0,0,0,3,1
145,0.1,1,0,2.3,0,751,16.87%,12.5,52.22%,14.8,91.14%,54.73%,171.3,10,79.61%,17.21%,61.71%,0,1,1,1,0,0,1,0,1
146,5.4,0,0,4.4,1,215,96.50%,75.9,48.55%,13.8,86.73%,12.89%,5.7,12,78.42%,68.32%,55.02%,1,0,-1,0,1,0,1,1,0
147,2.1,0,0,16.3,0,677,31.15%,40.2,98.92%,159.8,09.98%,82.15%,19.9,3,61.67%,65.61%,39.27%,0,0,-1,1,0,1,1,1,0
148,2.1,0,0,34.0,1,557,70.08%,4.5,82.62%,27.0,40.32%,51.27%,4.1,3,76.71%,05.97%,20.80%,1,0,-1,1,0,0,0,0,0
149,13.9,1,2,14.5,1,796,95.89%,19.3,38.99%,20.1,67.49%,62.59%,11.2,15,63.96%,14.92%,37.23%,0,1,1,0,1,2,1,3,1
150,80.6,1,0,34.9,1,979,38.72%,147.4,25.32%,31.1,15.53%,63.81%,17.3,2,09.72%,46.06%,28.66%,0,1,1,0,0,0,0,1,1
151,17.6,0,1,46.0,1,1687,09.59%,63.8,47.15%,128.1,72.22%,59.72%,107.0,5,53.65%,03.17%,07.81%,1,1,1,0,1,0,0,0,1
152,1.4,0,2,4.1,1,639,87.95%,4.1,57.43%,63.6,97.00%,45.23%,56.0,2,57.24%,38.24%,61.78%,1,0,-1,1,0,2,1,2,0
153,0.1,1,0,72.0,1,507,49.62%,4.4,31.94%,74.5,93.27%,90.39%,17.9,0,36.78%,10.02%,25.29%,2,0,-1,1,1,0,0,0,0
154,20.2,0,1,69.8,0,135,11.92%,39.8,68.76%,49.4,28.01%,40.62%,35.1,2,04.61%,44.62%,42.06%,0,1,1,0,0,0,0,0,1
155,13.2,1,0,29.8,0,1905,83.99%,4.1,43.87%,6.1,49.46%,23.58%,4.1,15,99.31%,54.36%,24.69%,2,0,-1,0,0,3,0,0,1
156,13.6,0,0,9.6,1,273,27.45%,31.0,04.14%,119.9,95.92%,96.71%,4.1,0,08.52%,59.95%,69.44%,0,0,-1,1,0,1,1,1,0
157,0.7,1,2,51.0,0,54,25.48%,4.8,79.60%,54.2,62.25%,19.78%,8.4,8,44.27%,96.57%,06.16%,0,0,-1,0,0,1,4,0,0
158,22.4,1,1,32.1,1,819,30.05%,5.2,03.68%,25.6,93.32%,75.41%,4.4,1,45.74%,45.90%,72.65%,2,1,0,0,1,1,0,1,1
159,0.0,0,0,21.4,1,576,08.79%,5.1,51.41%,16.8,45.70%,72.66%,5.6,13,27.72%,65.68%,84.78%,1,1,-1,0,1,1,0,1,1
160,0.8,0,1,9.0,1,1701,39.78%,16.7,28.87%,19.3,92.86%,60.10%,23.3,7,54.99%,55.35%,47.53%,0,0,-1,0,1,0,0,0,1
161,18.1,0,0,9.7,1,373,58.78%,17.0,00.43%,61.6,36.88%,64.60%,9.2,1,94.37%,43.83%,19.42%,0,0,-1,1,1,3,0,0,1
162,48.3,1,0,72.3,1,601,93.10%,84.9,94.51%,5.2,38.70%,68.20%,7.6,5,88.89%,93.59%,45.89%,2,1,1,0,0,0,0,2,1
163,31.9,0,0,14.4,0,271,31.87%,112.3,03.68%,20.0,95.82%,78.73%,82.9,2,39.86%,26.89%,12.63%,2,0,-1,1,0,0,0,0,0
164,18.4,0,1,2.2,1,282,11.46%,69.8,85.42%,124.5,69.53%,50.66%,4.1,12,85.53%,47.39%,19.20%,1,1,0,0,0,0,4,0,1
165,0.7,1,1,11.6,0,417,73.91%,22.4,15.93%,175.3,28.15%,08.29%,38.8,0,60.69%,29.46%,59.03%,1,0,-1,1,0,3,0,0,1
166,0.6,1,0,2.2,1,186,75.29%,54.0,25.50%,20.3,91.32%,72.36%,53.6,13,80.09%,27.57%,98.39%,1,1,0,0,1,0,2,0,1
167,72.0,0,2,2.2,1,310,95.25%,20.1,17.63%,33.3,24.71%,33.86%,65.8,13,12.21%,17.29%,48.54%,2,0,-1,1,1,2,0,0,0
168,27.1,1,1,31.3,1,95,76.30%,182.1,79.43%,3.5,25.53%,03.08%,52.7,1,42.78%,06.40%,56.20%,0,0,-1,0,0,0,4,1,0
169,12.6,0,1,30.0,0,1223,87.90%,4.3,58.56%,90.4,94.90%,74.56%,55.7,10,87.80%,23.28%,44.90%,2,1,1,0,1,0,0,1,1
170,0.4,1,2,15.8,1,110,57.40%,34.5,14.02%,146.3,45.54%,22.99%,13.7,1,63.88%,68.17%,47.23%,2,1,-1,1,0,4,0,0,1
171,37.0,0,1,31.7,0,1122,67.14%,4.2,63.82%,177.3,75.46%,90.08%,10.6,13,03.65%,30.54%,48.05%,2,1,1,1,1,0,1,2,0
172,8.9,1,2,87.4,1,243,18.04%,52.6,60.56%,37.4,60.02%,02.67%,28.9,14,90.58%,01.71%,66.52%,1,1,0,0,0,3,5,5,0
173,0.3,0,0,2.2,0,397,67.38%,4.9,18.94%,77.7,40.90%,05.43%,4.3,0,55.55%,97.80%,07.94%,1,1,-1,0,0,3,0,0,0
174,9.8,0,2,5.6,1,2800,02.18%,32.0,16.23%,71.3,13.75%,73.17%,5.0,8,34.76%,36.89%,93.70%,0,0,-1,1,1,0,5,0,1
175,0.0,1,0,2.8,0,42,01.61%,35.9,87.76%,8.7,47.84%,59.15%,42.7,4,33.97%,22.18%,44.04%,0,0,-1,0,1,1,0,0,0
176,44.4,1,1,67.9,1,1811,41.09%,152.5,91.60%,20.5,42.14%,98.06%,143.9,4,46.45%,88.89%,88.44%,2,1,1,1,0,0,5,0,0
177,14.0,0,2,42.2,1,583,88.48%,4.8,14.18%,29.4,76.34%,00.76%,42.7,3,63.72%,96.89%,43.66%,2,0,-1,1,1,0,0,0,0
178,4.7,1,0,26.0,1,2428,99.64%,134.5,70.05%,16.8,49.21%,91.63%,37.5,5,78.04%,32.88%,03.30%,2,0,-1,1,1,0,3,1,0
179,0.0,0,2,69.3,0,50,89.45%,4.2,81.71%,27.1,16.60%,89.56%,4.2,1,49.17%,28.83%,75.77%,2,0,-1,0,1,0,0,0,0
180,7.7,1,1,64.8,1,49,00.36%,4.1,43.95%,96.6,82.54%,01.93%,89.9,6,01.22%,15.46%,96.11%,0,1,-1,1,0,0,5,0,1
181,34.9,0,2,64.4,0,144,60.95%,118.7,68.56%,94.7,74.49%,79.89%,12.0,0,20.73%,34.74%,06.10%,1,0,-1,1,1,0,1,0,1
182,2.6,0,0,3.5,1,57,64.28%,15.7,48.31%,48.5,99.28%,99.75%,34.6,11,03.18%,18.64%,92.37%,1,0,-1,0,0,5,0,2,1
183,9.4,0,0,2.1,0,799,76.25%,4.2,52.47%,21.9,91.77%,82.61%,123.4,5,30.39%,26.21%,53.10%,1,0,-1,0,1,0,4,0,1
184,2.5,1,0,55.7,0,701,27.11%,20.4,51.88%,73.4,23.59%,00.58%,84.3,6,08.63%,10.71%,54.00%,2,0,-1,1,0,3,1,0,1
185,0.0,1,1,75.1,1,1970,81.42%,4.2,74.66%,136.8,34.77%,49.46%,118.7,9,49.54%,51.96%,81.59%,0,0,-1,1,1,3,0,0,0
186,9.8,0,0,2.1,0,1319,60.88%,5.8,75.09%,87.6,37.19%,89.53%,43.4,2,62.25%,90.53%,99.20%,2,1,0,0,0,0,1,0,1
187,39.9,1,0,35.8,0,253,15.25%,66.0,00.85%,2.2,35.95%,41.97%,5.4,0,21.46%,38.52%,48.07%,1,0,-1,1,0,0,1,0,1
188,3.5,0,0,29.7,1,446,43.55%,67.7,74.14%,24.7,25.69%,32.39%,24.2,0,46.56%,22.43%,78.63%,0,1,0,0,1,4,0,0,0
189,0.0,0,1,15.8,1,119,19.28%,155.8,51.14%,31.8,13.74%,58.77%,53.1,1,33.55%,39.21%,01.36%,0,1,-1,0,0,3,4,0,0
190,6.5,1,0,85.5,1,132,90.83%,20.7,34.99%,119.4,48.30%,54.19%,4.1,3,09.25%,68.17%,63.53%,1,0,-1,1,0,1,1,0,1
191,0.1,1,2,52.3,1,145,72.21%,20.5,49.87%,3.9,78.00%,47.07%,8.6,6,63.38%,50.03%,09.54%,0,1,-1,1,0,0,0,1,1
192,1.5,0,0,33.5,0,428,91.20%,6.5,82.66%,167.4,98.74%,82.84%,5.3,14,84.36%,23.23%,43.74%,1,1,-1,1,1,0,0,0,0
193,1.3,1,0,2.6,0,2153,04.71%,10.4,26.40%,17.1,26.43%,18.08%,12.9,13,72.24%,47.40%,32.90%,2,0,-1,1,0,0,3,0,0
194,26.3,0,2,2.1,0,1620,53.92%,4.3,60.45%,21.9,54.99%,51.90%,4.2,4,29.15%,80.23%,48.18%,2,0,-1,1,1,0,1,1,1
195,6.8,0,2,8.2,1,534,29.73%,18.1,98.49%,87.6,53.56%,56.07%,93.5,5,88.60%,73.65%,30.48%,2,0,-1,1,0,1,0,0,1
196,37.2,1,2,27.1,1,1381,02.82%,34.8,71.16%,32.1,83.38%,02.03%,58.7,2,55.29%,02.77%,20.98%,1,0,-1,0,1,0,0,0,0
197,75.3,1,0,2.2,0,1298,98.46%,4.1,37.81%,45.9,18.48%,79.29%,6.8,9,03.76%,71.20%,19.58%,1,0,-1,0,1,3,0,1,0
198,0.1,0,2,85.8,1,112,88.49%,45.9,19.90%,16.7,19.48%,30.62%,60.5,3,51.45%,60.51%,29.93%,2,1,1,1,1,4,1,0,0
199,4.8,1,1,12.8,1,1518,83.87%,150.7,66.35%,51.4,24.18%,34.99%,4.1,6,16.47%,09.28%,06.33%,0,0,-1,0,0,1,0,0,0
200,60.7,0,0,15.4,1,24,00.70%,165.8,14.07%,10.7,14.43%,65.83%,5.8,1,75.29%,84.52%,45.00%,2,1,-1,1,0,1,0,0,1
201,52.8,0,2,2.2,1,1572,79.83%,50.2,56.52%,15.0,33.03%,72.41%,10.4,7,39.13%,25.24%,58.15%,2,0,-1,0,1,0,1,0,1
202,10.5,1,1,10.7,0,815,80.77%,9.0,32.62%,18.3,13.63%,22.15%,18.4,11,58.28%,69.70%,33.03%,0,0,-1,1,0,0,0,4,0
203,0.1,0,1,2.2,0,570,42.37%,6.4,27.79%,18.8,98.12%,62.75%,79.4,6,22.77%,91.26%,61.62%,2,1,1,1,1,0,1,0,1
204,6.4,1,1,29.5,0,494,41.02%,23.8,55.53%,5.1,52.22%,39.03%,6.6,0,47.53%,30.03%,98.53%,1,1,1,0,1,3,3,0,0
205,0.1,1,2,23.0,1,1272,63.56%,9.9,67.45%,28.5,46.50%,42.84%,6.1,13,79.99%,58.81%,68.12%,0,0,-1,1,0,1,0,0,0
206,76.0,0,1,43.3,1,330,97.30%,185.2,72.57%,76.0,46.54%,95.75%,5.3,3,69.21%,21.54%,81.80%,0,0,-1,1,1,2,2,1,1
207,3.8,0,0,38.6,1,1235,13.04%,109.4,26.55%,7.3,52.23%,06.89%,62.0,9,67.41%,01.26%,45.03%,0,1,-1,1,0,2,4,3,1
208,2.0,1,2,13.6,0,119,20.19%,66.4,88.64%,15.4,84.31%,73.96%,33.6,10,98.17%,83.72%,99.01%,0,0,-1,1,0,0,4,1,1
209,0.0,1,0,2.9,0,106,78.34%,38.3,65.21%,118.0,33.85%,54.11%,44.2,0,63.71%,61.13%,89.24%,2,0,-1,0,0,0,2,0,1
210,2.3,0,2,5.8,0,421,32.46%,72.7,08.14%,154.9,96.47%,58.32%,5.6,0,75.22%,21.11%,81.51%,0,1,1,1,1,1,0,0,1
211,3.2,1,2,63.2,1,1792,12.28%,10.6,85.15%,19.2,22.52%,64.15%,5.1,11,73.42%,59.46%,11.69%,2,0,-1,0,0,0,0,0,0
212,78.7,1,1,20.3,1,958,10.07%,38.6,49.60%,130.4,56.81%,51.12%,103.0,8,84.60%,44.85%,80.09%,1,0,-1,0,0,1,1,0,0
213,48.5,1,0,34.8,0,2550,02.29%,72.7,97.17%,2.9,65.85%,91.07%,33.4,12,80.37%,99.58%,58.12%,1,0,-1,0,1,0,0,1,0
214,9.4,0,0,4.9,1,849,87.03%,111.9,17.19%,38.0,77.62%,79.38%,85.8,6,05.49%,63.22%,04.65%,1,0,-1,0,0,3,0,0,1
215,0.1,0,0,2.4,0,153,08.24%,103.6,80.89%,15.4,87.91%,75.22%,31.2,0,18.55%,95.14%,00.98%,2,0,-1,1,0,0,0,0,0
216,0.0,0,2,45.9,0,158,54.02%,12.1,23.99%,15.3,22.30%,29.17%,4.1,2,37.05%,01.32%,68.22%,1,1,-1,1,0,0,0,0,0
217,0.4,0,1,6.2,0,388,28.61%,4.1,54.07%,38.7,41.75%,14.81%,36.8,0,63.81%,68.29%,51.75%,2,1,1,0,1,0,2,0,0
218,7.3,0,0,25.7,0,2920,14.69%,4.4,21.69%,40.1,86.18%,36.83%,183.6,8,45.63%,79.64%,37.21%,2,0,-1,1,1,4,0,1,0
219,4.5,1,1,2.8,0,2400,17.05%,4.1,57.20%,11.9,87.05%,23.22%,184.9,6,01.42%,47.14%,44.92%,1,1,-1,0,0,5,3,3,1
220,1.5,1,1,65.7,0,817,33.13%,112.8,44.51%,42.0,77.02%,13.42%,16.8,0,78.58%,74.86%,43.17%,0,0,-1,0,1,4,0,1,0
221,3.5,0,0,5.0,1,541,50.96%,83.7,81.20%,50.1,66.36%,83.81%,6.3,9,02.01%,35.73%,25.11%,0,0,-1,0,0,0,5,5,0
222,0.1,0,1,35.7,0,868,11.43%,7.0,59.49%,37.2,68.69%,83.19%,66.4,11,66.75%,29.31%,83.81%,2,0,-1,1,0,3,0,0,0
223,0.3,1,2,41.2,0,1045,82.91%,39.8,86.74%,51.4,42.28%,70.18%,6.9,2,10.79%,55.18%,75.23%,2,1,0,0,0,1,0,0,1
224,0.0,0,1,3.4,0,598,12.80%,29.3,40.12%,148.0,21.52%,55.76%,49.2,3,15.60%,83.23%,10.31%,1,0,-1,0,1,0,0,0,1
225,11.3,1,1,76.9,1,2181,49.49%,4.1,04.61%,12.8,59.99%,67.34%,50.3,5,91.36%,45.20%,10.09%,2,1,1,0,1,0,1,1,1
226,0.2,0,0,10.7,0,1954,32.53%,83.3,78.86%,14.2,93.87%,21.47%,25.8,10,52.37%,36.77%,89.03%,1,1,0,0,0,0,0,0,0
227,2.1,0,1,62.8,0,1068,73.40%,185.3,48.97%,10.2,15.05%,10.40%,4.2,11,23.89%,83.34%,01.06%,0,0,-1,0,0,3,0,0,0
228,0.4,1,2,3.0,1,2792,19.29%,117.1,00.57%,153.3,31.10%,41.61%,5.5,6,96.50%,59.55%,83.64%,0,0,-1,1,1,0,0,2,1
229,46.6,0,0,9.1,0,74,67.04%,5.8,15.46%,65.8,05.79%,64.25%,9.4,0,46.88%,44.93%,01.57%,2,0,-1,1,0,1,0,0,0
230,17.5,0,0,18.6,0,1699,69.05%,4.1,88.41%,28.2,23.80%,08.08%,60.1,13,79.61%,31.76%,21.98%,1,0,-1,1,0,0,2,6,1
231,32.5,1,2,2.1,1,223,36.95%,172.0,24.14%,115.5,20.30%,93.78%,8.3,2,07.03%,10.12%,33.76%,0,0,-1,1,0,3,1,2,0
232,0.0,1,2,13.0,1,138,22.30%,149.2,18.13%,29.0,02.57%,25.79%,4.3,4,14.08%,50.25%,10.99%,2,0,-1,0,1,5,2,0,1
233,1.1,0,0,2.8,0,1359,32.27%,137.7,78.60%,88.3,13.62%,07.39%,20.2,6,14.95%,53.68%,23.28%,0,0,-1,1,1,5,2,0,0
234,56.8,0,0,22.2,1,221,64.22%,4.1,84.99%,30.2,78.97%,52.47%,4.5,5,25.48%,22.51%,16.07%,2,1,0,0,0,0,0,0,1
235,27.0,0,2,65.1,0,567,56.06%,4.2,81.06%,173.7,93.54%,66.84%,4.1,5,38.28%,98.43%,83.25%,1,0,-1,0,0,1,2,4,0
236,41.7,0,2,3.1,1,1207,06.50%,35.7,08.82%,54.3,44.88%,16.32%,4.1,12,62.03%,58.91%,16.92%,1,0,-1,1,0,3,4,3,0
237,77.5,1,2,19.1,0,116,01.24%,44.5,52.72%,74.5,98.35%,52.11%,4.2,15,48.99%,02.21%,93.82%,0,1,-1,0,0,0,2,2,1
238,79.7,1,0,8.3,1,909,93.13%,156.5,65.66%,13.4,44.05%,96.56%,22.2,4,34.66%,10.02%,24.67%,1,1,1,0,0,0,4,3,0
239,2.4,0,0,5.7,0,38,96.91%,28.3,45.23%,11.9,71.62%,94.52%,19.7,9,35.66%,51.49%,33.17%,1,1,-1,0,1,4,1,0,1
240,41.3,1,1,19.7,0,636,03.12%,6.7,47.00%,10.0,40.80%,19.91%,4.7,1,89.22%,82.10%,56.93%,0,0,-1,1,0,1,0,0,0
241,49.2,0,1,2.5,1,1676,22.49%,42.9,10.83%,47.2,34.07%,14.12%,90.6,2,33.45%,99.23%,05.61%,2,0,-1,0,0,1,0,0,0
242,5.7,0,2,2.9,0,1319,66.99%,4.5,53.37%,103.4,97.64%,34.67%,132.6,9,07.81%,76.73%,37.93%,0,0,-1,0,0,0,4,1,1
243,1.0,0,2,46.6,0,86,03.64%,87.3,66.15%,165.8,97.09%,92.22%,116.4,4,45.99%,55.65%,38.25%,1,1,-1,0,1,0,2,3,0
244,18.4,1,1,2.2,0,1209,47.92%,5.0,37.70%,22.9,70.67%,10.72%,89.2,4,30.83%,71.14%,19.58%,2,1,-1,0,0,0,0,0,0
245,0.0,1,2,19.9,1,543,74.01%,5.9,99.72%,21.1,83.52%,26.79%,4.1,12,39.12%,25.64%,60.58%,0,0,-1,1,0,0,0,1,1
246,31.3,0,0,33.5,0,807,72.15%,5.0,34.39%,2.9,58.72%,42.43%,4.1,0,31.28%,09.43%,55.75%,1,0,-1,1,1,1,3,0,0
247,12.2,1,1,2.2,0,177,57.06%,5.8,54.34%,140.9,13.05%,98.72%,4.1,2,52.02%,68.69%,81.97%,2,1,-1,1,0,3,3,2,1
248,5.3,0,2,12.3,1,1030,27.58%,141.1,22.87%,2.7,33.14%,44.82%,5.6,8,01.73%,09.54%,39.48%,2,1,1,0,0,1,4,2,1
249,52.6,1,0,11.0,1,362,32.15%,79.7,41.15%,98.4,98.10%,50.07%,91.7,14,66.27%,27.94%,05.11%,2,1,0,0,0,0,2,0,1
250,0.6,0,1,2.2,0,2446,10.17%,26.9,38.48%,27.5,69.14%,07.39%,113.8,14,88.89%,99.19%,63.50%,1,1,1,0,0,0,0,0,1
251,54.0,0,2,2.2,1,561,07.00%,4.1,14.82%,26.0,02.38%,07.86%,4.6,1,75.92%,56.13%,04.22%,2,1,0,1,0,3,4,1,1
252,7.3,1,0,38.3,1,76,89.29%,32.7,54.13%,18.3,07.57%,44.40%,20.7,11,68.70%,48.01%,31.92%,2,1,1,1,1,0,0,0,0
253,81.4,0,1,14.9,0,295,02.54%,86.6,11.32%,13.6,82.68%,84.54%,4.4,4,41.96%,94.12%,01.74%,1,1,0,0,1,0,2,0,0
254,0.1,0,0,46.0,0,208,26.54%,13.6,76.39%,73.5,79.76%,98.69%,18.7,0,01.23%,45.07%,05.42%,1,1,1,1,1,0,3,0,0
255,56.0,1,1,48.9,0,433,82.20%,136.4,70.63%,54.4,30.36%,47.38%,4.2,1,19.52%,77.69%,88.88%,0,0,-1,1,0,4,0,1,1
256,5.0,1,2,2.7,0,1903,23.25%,89.9,68.28%,53.3,36.43%,07.19%,4.1,12,94.31%,76.96%,20.36%,1,0,-1,0,1,1,5,3,0
257,1.2,1,0,27.0,0,471,66.99%,172.3,43.56%,155.9,26.44%,95.13%,19.8,3,51.04%,41.73%,07.24%,2,0,-1,0,0,0,4,0,0
258,1.0,0,0,36.2,1,818,94.67%,9.6,33.81%,16.2,41.72%,23.50%,10.9,2,48.98%,60.26%,68.10%,0,1,1,0,0,0,2,1,1
259,3.0,0,0,67.9,1,2834,99.78%,106.0,73.82%,50.1,96.62%,11.55%,68.5,12,34.43%,73.22%,62.75%,0,1,0,0,1,2,1,4,0
260,3.3,1,2,88.1,1,46,05.98%,5.2,41.88%,19.9,68.81%,44.58%,35.2,1,65.04%,79.60%,13.46%,2,1,-1,1,0,0,0,0,1
261,39.3,0,0,15.7,1,1591,84.06%,4.1,18.98%,5.5,02.76%,30.69%,6.3,7,49.83%,77.03%,08.82%,2,1,0,0,0,1,1,0,0
262,2.1,1,0,30.7,0,181,17.13%,4.6,00.47%,2.4,20.49%,19.97%,4.2,6,06.81%,48.74%,56.57%,0,0,-1,1,1,0,0,0,0
263,0.1,1,2,62.2,0,812,01.66%,8.2,16.63%,8.8,96.10%,99.54%,5.4,15,28.97%,41.58%,04.64%,2,1,1,1,0,3,0,4,0
264,5.9,1,1,16.1,0,928,42.61%,73.9,69.42%,10.0,60.98%,51.33%,57.9,8,13.21%,11.19%,85.92%,0,0,-1,1,1,0,0,0,0
265,7.6,0,2,8.5,1,67,36.44%,75.8,45.25%,171.2,22.51%,89.28%,45.4,9,55.03%,90.41%,87.26%,0,1,1,0,1,0,0,4,1
266,13.4,0,0,9.1,0,891,58.44%,26.4,99.35%,30.9,70.27%,26.00%,39.2,14,78.09%,70.21%,47.86%,1,0,-1,0,1,0,5,0,1
267,15.4,0,0,43.9,0,169,67.39%,4.1,93.70%,24.4,88.11%,45.14%,28.5,0,98.37%,40.67%,70.15%,0,0,-1,1,1,0,0,0,1
268,0.1,0,2,19.2,0,244,57.58%,123.3,51.27%,5.2,65.96%,51.03%,67.0,5,48.61%,20.17%,63.79%,1,0,-1,0,1,0,3,0,1
269,22.8,1,1,56.2,1,53,92.70%,65.7,94.26%,24.0,20.95%,36.27%,8.6,12,65.95%,85.38%,64.00%,0,1,0,0,0,0,2,6,0
270,50.2,0,2,2.5,1,398,27.44%,122.4,46.76%,50.5,95.98%,65.52%,8.1,15,22.73%,87.53%,41.37%,1,1,0,1,1,5,1,2,0
271,3.2,1,2,86.0,0,844,26.31%,77.8,03.67%,87.7,05.49%,17.74%,12.0,4,90.90%,22.38%,32.48%,1,1,-1,0,0,0,0,2,1
272,14.6,1,0,16.4,0,842,37.79%,10.2,80.43%,112.4,31.40%,57.88%,6.4,4,40.59%,44.42%,40.60%,1,1,-1,1,1,0,1,0,1
273,0.6,0,0,2.2,0,1347,39.82%,6.4,96.67%,51.9,71.38%,62.74%,69.9,5,30.46%,24.56%,63.10%,1,1,0,1,0,0,2,1,1
274,0.0,1,1,47.9,0,109,79.43%,51.8,77.99%,61.7,25.88%,43.10%,19.9,7,46.27%,89.45%,63.51%,2,0,-1,1,1,0,0,0,1
275,63.8,0,2,2.3,0,940,59.55%,50.7,40.88%,69.2,67.03%,08.47%,115.9,5,13.27%,35.72%,43.59%,0,1,0,0,1,5,1,0,0
276,0.1,0,1,5.1,1,179,30.31%,5.5,15.77%,61.6,27.35%,90.63%,5.2,1,65.84%,99.29%,97.99%,1,1,-1,1,0,0,3,0,0
277,0.6,0,2,47.3,0,92,52.92%,81.7,29.17%,78.0,21.97%,17.66%,23.8,9,02.29%,82.20%,15.18%,2,0,-1,1,1,0,5,2,0
278,26.7,1,2,4.3,1,1045,33.30%,5.6,94.14%,30.6,49.20%,40.85%,73.7,4,67.51%,11.68%,95.40%,2,0,-1,0,0,3,0,2,1
279,37.0,0,2,59.8,0,260,11.81%,6.9,90.38%,138.2,22.49%,11.68%,89.2,5,50.47%,03.65%,24.53%,0,0,-1,1,0,5,0,2,1
280,38.7,1,1,27.3,0,862,58.63%,186.2,13.91%,14.9,79.28%,34.03%,6.0,1,07.04%,24.29%,89.44%,0,1,-1,1,0,3,2,0,1
281,0.1,1,1,45.3,0,1577,96.96%,7.5,17.55%,104.0,45.00%,69.55%,4.4,14,14.35%,99.10%,71.85%,1,1,1,1,0,2,0,1,1
282,8.7,0,1,3.8,1,2706,45.63%,49.4,92.10%,9.8,60.46%,96.31%,146.8,14,54.84%,04.94%,40.72%,1,1,-1,1,0,0,0,4,1
283,0.0,1,0,2.2,0,2004,57.95%,125.5,67.15%,59.3,75.19%,48.72%,174.5,8,26.81%,69.22%,66.97%,2,0,-1,1,0,0,0,0,1
284,0.0,1,0,20.1,0,84,39.62%,15.0,75.97%,110.8,75.91%,42.16%,12.3,15,82.43%,78.23%,15.75%,0,0,-1,1,0,0,0,0,0
285,65.5,1,2,70.3,1,2317,62.46%,5.1,82.53%,102.6,78.70%,43.36%,128.5,9,57.94%,65.47%,94.78%,1,0,-1,1,0,2,0,1,0
286,20.9,0,2,26.4,0,804,46.13%,28.9,37.63%,147.1,90.45%,23.19%,4.1,0,65.07%,00.59%,09.77%,1,1,0,0,0,1,0,0,0
287,57.7,1,1,20.6,1,651,83.45%,4.3,15.51%,92.5,40.17%,03.16%,8.7,15,79.42%,93.18%,99.87%,2,0,-1,0,1,4,0,0,0
288,0.0,0,0,2.2,1,1186,47.22%,4.3,46.44%,97.0,72.88%,78.37%,9.3,14,89.91%,99.87%,89.08%,2,0,-1,0,0,0,1,1,1
289,38.9,1,0,55.8,1,612,77.70%,62.1,64.14%,44.5,88.38%,71.09%,6.9,5,32.74%,11.47%,62.15%,1,1,0,0,0,0,0,1,0
290,26.1,0,1,36.3,0,683,73.20%,4.4,86.80%,138.2,91.87%,02.56%,56.0,6,17.03%,20.29%,67.93%,1,1,0,0,0,1,4,2,1
291,0.3,1,1,8.7,0,242,46.70%,18.0,99.11%,5.1,22.19%,18.30%,5.8,4,67.95%,12.11%,43.81%,2,0,-1,0,1,4,0,0,1
292,15.0,0,2,2.2,0,1798,43.93%,4.9,26.53%,158.3,61.29%,39.83%,22.0,8,85.34%,47.97%,82.04%,1,0,-1,1,1,0,0,3,1
293,4.0,0,2,4.9,1,2716,88.51%,46.8,38.53%,4.1,68.73%,33.99%,4.2,5,01.46%,91.05%,37.93%,1,0,-1,1,1,3,0,0,0
294,46.1,0,2,43.9,0,210,28.15%,52.9,91.49%,121.7,08.41%,49.18%,4.1,15,73.25%,92.11%,16.03%,0,0,-1,1,0,0,0,0,1
295,50.8,1,1,8.4,1,1653,05.87%,10.1,97.48%,40.4,93.61%,02.86%,11.1,9,91.70%,67.55%,13.71%,2,1,-1,1,1,1,0,0,0
296,57.6,1,1,55.1,0,388,71.00%,4.1,49.26%,7.6,84.26%,34.54%,4.1,0,26.24%,55.11%,75.76%,2,0,-1,0,1,0,2,0,0
297,14.0,0,1,29.8,1,1537,11.64%,4.1,74.74%,29.3,13.10%,42.33%,5.1,8,50.08%,81.68%,79.54%,2,1,-1,0,0,0,1,4,0
298,1.7,1,1,10.3,1,547,36.33%,147.5,30.06%,11.4,68.07%,84.63%,4.1,1,74.33%,29.21%,59.27%,2,1,1,1,1,2,4,0,0
299,22.8,1,2,2.3,0,1225,72.84%,4.2,08.15%,37.1,84.58%,32.87%,4.3,14,63.33%,54.48%,57.81%,2,0,-1,1,1,0,0,5,1
300,0.3,1,0,75.9,0,862,34.80%,139.2,25.74%,13.6,39.26%,10.46%,22.3,0,19.00%,15.87%,53.10%,2,1,1,0,1,2,3,0,0
301,55.9,0,0,43.3,0,761,00.30%,63.8,03.25%,53.2,22.52%,11.94%,21.9,0,72.88%,67.89%,47.46%,2,1,0,1,1,1,2,0,0
302,8.4,1,0,2.8,0,2707,04.32%,23.7,69.16%,56.1,81.70%,10.70%,7.9,11,29.61%,50.41%,85.08%,0,0,-1,0,0,3,1,0,0
303,0.6,1,2,20.0,1,312,34.25%,45.7,74.59%,2.9,29.32%,59.41%,54.6,15,03.81%,63.86%,51.06%,1,1,0,1,0,2,4,9,1
304,1.9,1,1,16.6,0,2712,00.64%,7.8,07.78%,6.9,84.14%,80.06%,13.7,5,01.38%,56.10%,62.29%,2,0,-1,1,0,1,0,1,1
305,48.2,1,0,5.5,0,439,39.14%,54.4,62.23%,61.0,97.89%,60.47%,99.9,15,65.76%,84.55%,23.66%,1,1,-1,0,1,1,2,3,0
306,15.8,1,2,19.9,1,417,36.65%,157.4,58.33%,81.5,95.05%,58.19%,45.3,8,13.76%,24.79%,29.00%,1,1,1,0,1,0,0,4,1
307,47.1,1,2,7.7,0,73,34.44%,13.8,59.73%,147.0,74.33%,80.97%,8.1,3,50.09%,70.84%,02.92%,0,1,1,1,1,3,0,0,0
308,25.2,0,1,40.6,0,367,95.86%,186.0,44.18%,143.8,97.85%,93.67%,166.2,14,59.09%,78.52%,06.62%,1,1,-1,0,0,3,3,0,1
309,0.8,0,0,12.0,0,247,21.25%,72.9,35.31%,47.5,65.61%,10.67%,57.4,0,86.78%,00.16%,28.22%,1,0,-1,0,0,1,0,0,0
310,0.1,0,1,73.2,0,767,18.23%,116.5,97.63%,65.3,75.81%,26.53%,8.0,11,77.69%,93.89%,13.49%,2,1,1,1,0,0,1,1,0
311,70.7,0,0,77.6,1,427,36.79%,48.1,18.91%,3.8,57.37%,87.37%,33.6,14,91.78%,61.26%,55.07%,1,1,0,1,1,2,0,6,0
312,37.4,1,1,38.9,1,287,14.35%,107.1,63.07%,7.8,99.46%,86.69%,173.6,10,35.69%,54.25%,07.38%,1,1,1,0,1,0,0,4,1
313,7.5,1,2,8.6,1,139,17.45%,13.0,33.03%,88.0,55.50%,04.64%,121.4,10,51.62%,84.45%,82.43%,1,0,-1,0,1,0,1,0,1
314,39.6,1,1,42.8,0,1030,82.78%,99.2,62.66%,3.9,97.87%,36.17%,117.8,2,10.95%,15.64%,47.28%,0,0,-1,0,0,5,0,2,0
315,4.0,0,2,17.9,0,554,96.33%,4.9,88.45%,97.7,62.42%,17.97%,31.8,7,61.08%,02.69%,56.61%,0,1,1,0,1,0,0,1,1
316,59.7,0,0,20.6,0,135,76.42%,91.6,36.28%,24.8,61.01%,18.75%,170.6,14,30.68%,83.81%,74.30%,0,1,1,0,0,0,3,0,0
317,42.4,0,0,44.8,0,718,66.42%,15.5,51.34%,57.4,09.13%,91.82%,8.3,0,12.82%,28.60%,93.22%,1,0,-1,1,0,3,0,1,1
318,71.2,1,2,80.9,0,108,43.50%,12.4,10.77%,7.4,48.19%,48.20%,155.9,4,27.66%,33.99%,60.03%,0,0,-1,0,1,0,0,0,0
319,0.3,1,2,8.7,1,921,85.33%,17.0,59.27%,105.2,42.34%,13.37%,16.5,7,19.59%,88.08%,85.09%,2,0,-1,0,1,2,0,1,0
320,6.7,0,2,24.5,1,260,00.32%,110.6,27.14%,22.6,43.54%,97.79%,76.7,1,65.00%,16.63%,97.14%,1,1,0,0,0,1,0,1,0
321,1.8,0,2,2.2,1,704,54.90%,92.0,33.24%,3.5,08.00%,02.61%,11.0,8,39.78%,86.26%,10.02%,0,0,-1,0,1,0,0,3,1
322,28.2,1,2,26.2,1,453,06.91%,4.2,49.14%,3.0,46.22%,60.78%,23.5,3,61.74%,34.33%,28.41%,2,0,-1,0,0,0,2,0,1
323,29.2,1,2,29.6,1,70,48.86%,5.2,25.86%,177.2,55.87%,18.97%,15.0,10,11.14%,47.91%,21.93%,1,0,-1,0,0,0,1,5,1
324,2.8,0,1,2.3,1,2831,51.52%,9.3,31.46%,133.7,56.99%,75.93%,103.3,12,19.33%,72.26%,59.56%,2,0,-1,1,0,1,2,1,1
325,56.6,0,1,65.8,1,108,04.82%,153.4,48.80%,40.9,65.16%,09.54%,184.4,6,25.02%,46.68%,93.19%,2,0,-1,1,0,0,5,0,1
326,0.0,1,0,2.3,1,214,23.98%,139.0,51.16%,103.0,48.81%,01.21%,4.1,13,61.19%,60.95%,88.85%,0,0,-1,0,1,0,0,4,1
327,6.9,1,1,20.7,1,1814,45.36%,47.6,71.59%,79.0,47.77%,24.28%,5.1,5,21.66%,25.95%,04.53%,2,0,-1,1,1,1,0,2,0
328,27.9,0,1,22.7,0,190,65.63%,5.0,27.19%,164.3,70.95%,72.75%,14.9,0,93.76%,99.99%,30.38%,2,1,0,0,1,0,1,0,0
329,0.3,0,1,13.5,1,340,18.83%,4.1,93.67%,162.2,49.67%,70.24%,4.4,0,98.94%,62.63%,07.31%,2,1,-1,0,0,1,0,0,0
330,46.5,1,0,4.5,0,709,49.36%,12.7,39.97%,4.1,59.00%,45.27%,13.1,0,34.46%,16.65%,86.57%,2,0,-1,1,1,5,0,0,1
331,58.9,0,2,34.7,1,821,81.45%,12.1,69.34%,149.3,21.16%,68.52%,25.1,15,57.35%,21.28%,09.02%,1,0,-1,1,1,0,0,1,0
332,2.1,1,1,2.7,0,660,49.99%,4.1,40.63%,58.5,63.81%,11.12%,19.7,14,48.82%,16.90%,00.99%,2,1,0,0,1,0,0,1,0
333,4.1,1,1,8.5,1,476,45.86%,140.4,97.69%,5.1,45.84%,25.28%,4.1,6,18.75%,52.12%,25.62%,1,0,-1,0,1,1,0,1,1
334,0.1,0,1,2.1,1,559,35.66%,81.0,95.27%,46.1,15.41%,44.18%,14.3,9,19.03%,70.38%,22.12%,2,0,-1,0,1,1,0,0,1
335,0.1,0,0,2.1,0,2275,65.59%,4.2,11.90%,67.9,41.65%,66.33%,42.5,6,63.30%,13.48%,17.72%,2,0,-1,1,0,0,0,0,1
336,10.2,0,1,10.5,1,1440,68.25%,19.7,26.18%,37.2,23.83%,55.27%,7.2,10,14.65%,16.14%,72.11%,1,1,-1,1,0,3,0,1,1
337,46.9,1,2,38.0,1,275,89.39%,105.6,00.94%,7.0,38.89%,47.31%,109.0,3,15.14%,38.60%,82.82%,2,1,0,0,1,3,0,2,1
338,34.7,0,1,69.6,0,567,11.26%,81.8,47.88%,12.1,24.93%,78.74%,18.5,1,31.01%,63.61%,20.84%,1,0,-1,0,0,4,0,0,0
339,0.3,0,1,51.4,1,969,50.39%,4.1,65.71%,164.6,42.97%,62.52%,132.3,3,29.46%,85.56%,94.43%,2,1,-1,0,1,5,2,0,1
340,58.4,1,1,34.4,1,240,81.83%,41.6,66.47%,17.5,84.66%,46.74%,165.9,6,14.92%,78.52%,36.42%,2,1,-1,1,0,3,0,0,0
341,29.4,0,0,10.0,0,797,41.42%,29.5,98.09%,38.8,58.36%,21.20%,11.1,11,90.40%,60.12%,54.57%,0,1,1,1,1,0,1,5,1
342,6.2,0,0,3.4,1,310,39.29%,16.0,41.20%,30.7,42.21%,08.25%,5.1,0,17.15%,73.70%,16.92%,1,1,-1,1,0,1,4,0,1
343,45.6,0,1,84.2,1,267,70.91%,4.6,78.57%,159.7,64.55%,76.28%,44.6,0,92.84%,07.03%,84.60%,1,1,0,0,0,0,0,0,0
344,0.8,1,0,14.5,1,966,96.22%,88.1,62.57%,136.6,25.98%,53.34%,7.7,3,68.91%,03.26%,97.97%,2,1,0,0,0,3,0,0,0
345,2.9,0,0,43.2,1,115,49.83%,8.6,87.60%,2.8,93.96%,52.00%,140.7,3,71.58%,73.29%,42.46%,0,1,-1,1,0,4,0,0,1
346,20.7,0,1,3.9,0,1830,58.19%,16.9,99.22%,36.0,14.60%,54.61%,4.1,12,36.14%,73.72%,48.81%,0,0,-1,0,0,1,3,8,0
347,22.6,0,2,2.2,1,149,06.95%,135.3,18.98%,109.7,87.58%,35.83%,13.8,0,80.72%,73.51%,17.16%,2,1,0,0,0,5,0,0,1
348,71.7,0,2,3.9,1,1178,47.29%,11.5,33.87%,35.0,30.30%,42.48%,36.8,6,94.89%,37.48%,91.11%,0,1,1,1,0,1,3,5,0
349,7.8,0,1,35.3,0,2881,97.02%,31.8,11.99%,81.6,13.20%,95.06%,6.7,10,14.93%,49.07%,88.69%,0,1,-1,0,1,0,2,4,1
350,59.0,0,2,2.7,0,498,48.22%,27.1,83.18%,8.0,55.55%,22.30%,63.2,6,86.54%,55.08%,52.95%,2,1,1,0,0,0,0,0,1
351,9.3,0,1,14.8,0,192,31.84%,114.8,87.45%,53.7,06.99%,09.96%,5.8,1,11.08%,12.70%,66.42%,2,1,-1,0,1,3,3,0,1
352,61.9,0,2,63.8,0,206,34.34%,118.8,92.71%,69.8,25.51%,05.91%,4.1,0,31.64%,56.66%,06.47%,0,0,-1,1,0,1,0,0,0
353,1.6,1,2,15.6,1,86,94.97%,7.4,20.18%,138.0,43.90%,32.96%,122.5,3,77.66%,69.95%,38.07%,2,1,1,0,0,2,0,1,0
354,21.3,0,1,41.8,0,160,32.84%,46.2,64.75%,61.8,68.09%,42.89%,39.6,0,87.17%,45.73%,96.49%,1,1,1,1,0,1,0,0,0
355,27.9,1,1,2.1,0,2562,84.81%,24.1,78.44%,169.2,45.67%,70.57%,57.7,5,43.49%,44.21%,97.59%,2,0,-1,1,0,1,0,2,0
356,0.2,1,0,3.0,1,222,95.11%,132.0,91.11%,2.3,30.99%,81.45%,93.0,14,53.73%,30.02%,07.54%,1,0,-1,0,1,0,5,2,1
357,22.8,1,0,2.1,0,863,61.55%,4.4,98.26%,48.3,98.78%,71.74%,5.2,1,57.71%,98.75%,93.93%,0,1,-1,1,0,1,0,0,0
358,1.3,1,2,52.9,1,1071,30.42%,4.2,00.98%,13.2,10.40%,32.99%,32.6,2,73.87%,16.75%,96.24%,2,0,-1,1,0,2,0,2,1
359,13.1,1,1,2.6,1,1244,51.40%,4.2,28.78%,134.8,61.27%,63.60%,12.0,12,09.65%,96.36%,99.22%,2,1,1,0,0,1,1,0,1
360,9.3,1,0,75.9,0,135,82.60%,6.1,74.92%,7.7,41.66%,23.87%,54.5,6,55.27%,93.21%,66.96%,2,0,-1,0,0,1,0,0,0
361,9.3,1,1,87.4,1,75,11.07%,8.6,85.13%,14.3,16.29%,71.93%,5.0,0,70.55%,62.19%,38.35%,2,0,-1,0,1,1,0,0,0
362,16.1,0,2,2.1,1,2244,38.89%,4.9,23.53%,15.2,57.43%,14.74%,6.0,5,01.66%,94.23%,98.68%,0,1,0,0,0,0,0,0,1
363,4.6,0,1,10.6,0,59,61.85%,10.0,67.70%,67.4,05.27%,35.48%,7.7,15,02.51%,43.96%,94.40%,0,1,1,1,1,0,3,0,1
364,1.8,1,1,2.5,1,202,78.45%,20.8,65.76%,3.9,40.16%,75.34%,4.7,12,76.19%,89.13%,02.55%,1,1,-1,1,1,5,0,6,1
365,27.8,0,1,39.9,0,1659,28.75%,20.2,09.00%,158.4,44.78%,68.66%,10.7,6,16.21%,76.59%,28.91%,0,1,0,0,0,0,1,1,0
366,49.8,0,2,31.9,0,243,65.10%,35.6,86.53%,22.1,19.56%,35.11%,6.2,11,86.12%,56.91%,88.37%,1,1,-1,0,1,1,4,0,1
367,0.3,1,2,33.3,0,479,13.54%,84.7,45.39%,74.5,52.63%,64.02%,179.2,4,91.84%,97.01%,73.62%,0,1,0,0,0,0,0,1,1
368,54.3,1,2,5.5,1,2022,53.37%,29.6,53.01%,119.9,70.97%,76.58%,24.1,5,41.75%,68.04%,64.11%,1,1,0,1,1,5,2,0,1
369,3.2,1,0,81.4,1,247,62.85%,5.8,49.19%,93.0,74.53%,76.88%,125.4,6,20.47%,96.47%,22.90%,2,1,0,1,0,1,0,2,1
370,0.9,0,2,6.9,0,37,63.22%,5.0,38.83%,134.8,28.35%,37.70%,27.3,1,57.72%,55.98%,72.57%,0,1,0,1,1,0,0,0,1
371,36.2,0,2,7.5,1,1877,63.54%,4.2,31.62%,39.4,28.19%,61.31%,66.7,5,23.03%,45.99%,20.94%,1,0,-1,1,1,1,0,0,0
372,0.3,1,2,2.2,0,1949,66.61%,4.1,81.46%,3.5,84.31%,90.56%,53.9,4,38.97%,02.62%,39.80%,1,1,0,0,1,2,5,2,0
373,16.6,0,2,21.1,1,1807,53.07%,46.8,65.38%,110.0,26.28%,36.69%,31.9,9,02.77%,45.55%,58.79%,2,1,1,1,1,0,0,0,0
374,62.2,0,0,70.6,1,186,50.63%,4.7,45.70%,38.3,87.26%,66.70%,15.2,3,94.83%,58.53%,10.43%,2,1,1,0,0,0,0,0,0
375,2.8,0,0,4.1,1,2652,95.42%,87.7,05.83%,45.8,38.46%,53.68%,7.1,6,78.84%,16.97%,14.99%,1,1,0,0,1,0,1,0,0
376,0.1,1,0,86.0,1,226,72.48%,171.4,20.87%,8.7,71.53%,39.75%,40.8,14,30.85%,53.48%,57.40%,1,0,-1,0,1,2,0,0,0
377,66.2,0,1,30.5,1,1538,62.74%,180.6,05.44%,18.1,23.10%,68.02%,72.4,16,22.26%,72.59%,15.68%,1,1,-1,0,0,0,5,8,0
378,27.3,0,1,5.6,0,2247,23.46%,145.7,79.21%,5.4,90.93%,50.77%,4.1,15,70.08%,96.69%,78.40%,1,0,-1,0,0,2,4,0,1
379,48.9,0,1,24.2,1,231,06.14%,4.2,37.18%,43.8,21.79%,09.15%,4.8,2,74.31%,47.71%,25.63%,1,0,-1,1,1,1,0,1,0
380,30.3,0,1,55.9,0,1938,36.32%,4.1,61.23%,63.2,65.86%,00.81%,44.3,9,45.89%,68.66%,51.72%,1,0,-1,0,1,3,0,2,0
381,0.3,1,1,2.8,1,249,47.05%,36.9,82.31%,21.2,13.83%,75.73%,4.1,4,89.40%,30.12%,20.43%,0,1,1,0,1,1,1,3,1
382,10.4,1,0,28.3,0,678,76.14%,113.8,97.82%,78.5,21.36%,99.74%,47.1,4,49.32%,65.13%,11.48%,0,1,1,0,1,0,0,0,0
383,32.4,1,1,63.4,0,263,52.10%,118.9,84.57%,162.3,64.75%,38.43%,75.5,10,25.60%,83.49%,42.49%,2,1,-1,0,0,0,0,5,1
384,0.8,1,0,4.9,1,539,26.69%,20.5,16.50%,91.5,35.04%,18.29%,47.4,1,62.49%,44.02%,74.66%,1,0,-1,1,0,0,0,0,1
385,12.9,1,1,2.2,1,42,78.34%,5.5,09.57%,107.8,78.01%,65.47%,4.2,8,31.18%,47.28%,68.11%,2,1,0,0,0,4,0,2,0
386,21.5,0,0,38.8,0,407,77.33%,17.4,67.33%,20.1,11.28%,85.30%,4.2,12,32.24%,05.89%,31.85%,2,0,-1,1,0,1,0,0,0
387,0.3,0,0,36.4,0,317,67.41%,133.9,96.46%,48.1,67.35%,24.37%,23.5,15,61.82%,98.74%,36.30%,2,1,0,1,0,0,2,7,0
388,6.6,1,0,63.1,0,229,80.69%,171.7,59.35%,175.5,76.22%,62.27%,4.2,11,89.42%,90.36%,56.78%,0,0,-1,1,1,0,0,5,0
389,40.0,1,2,2.1,0,1355,59.69%,16.9,32.04%,24.1,63.08%,72.41%,19.2,2,61.65%,69.66%,19.81%,2,0,-1,1,1,0,0,0,1
390,55.0,1,0,40.8,0,35,44.53%,45.9,69.36%,14.2,68.03%,90.86%,15.5,4,31.05%,85.81%,17.42%,1,0,-1,1,1,0,1,0,1
391,1.7,0,0,61.4,1,1481,72.44%,4.1,04.29%,116.3,24.58%,02.93%,13.3,13,04.16%,07.44%,73.97%,1,0,-1,0,1,0,0,0,0
392,1.9,1,1,37.4,0,101,88.99%,49.9,23.46%,87.0,93.87%,06.40%,27.9,0,64.60%,13.52%,47.23%,2,0,-1,1,0,3,0,0,0
393,4.4,0,0,34.1,1,692,76.90%,4.1,08.68%,97.0,82.00%,60.63%,83.3,11,04.47%,65.81%,85.19%,0,1,0,1,0,0,1,4,0
394,40.0,1,0,5.2,0,181,94.99%,4.8,45.96%,45.9,93.16%,37.74%,23.4,1,11.35%,81.03%,51.38%,0,1,1,0,1,0,3,0,1
395,0.0,0,1,2.1,1,610,15.54%,131.3,71.10%,176.1,73.86%,73.06%,4.1,4,43.26%,69.15%,01.13%,1,0,-1,0,0,0,3,0,0
396,11.3,0,0,51.5,0,1131,76.17%,41.5,95.53%,31.9,59.93%,11.50%,4.8,5,15.97%,29.57%,41.64%,2,1,0,0,0,0,0,0,1
397,65.5,0,1,41.4,0,688,34.14%,153.6,64.56%,41.6,56.16%,82.46%,169.3,6,10.00%,63.93%,84.73%,2,0,-1,1,1,2,1,0,0
398,26.6,1,0,4.4,0,224,58.62%,25.6,11.08%,69.1,91.72%,69.30%,33.5,8,40.55%,19.07%,23.54%,1,1,-1,0,1,0,1,0,1
399,18.2,1,2,26.5,0,264,82.66%,4.3,71.74%,63.6,99.07%,36.64%,5.2,15,71.23%,60.98%,98.47%,2,1,0,0,1,0,3,0,0
400,59.7,0,0,2.1,0,573,56.69%,10.7,69.16%,14.8,79.40%,74.94%,16.3,12,03.65%,97.86%,33.05%,0,0,-1,1,1,3,0,0,0
401,59.0,0,0,76.6,1,744,13.91%,151.2,58.17%,3.6,77.13%,21.56%,4.9,14,14.90%,57.77%,10.72%,2,1,0,0,0,0,0,0,1
402,3.4,1,0,41.7,1,820,21.78%,133.0,51.82%,13.4,95.39%,13.67%,7.6,0,10.48%,29.45%,81.08%,1,0,-1,0,0,0,4,0,0
403,0.1,0,2,5.0,1,93,54.12%,84.7,74.28%,12.5,71.89%,42.73%,5.0,6,26.77%,14.00%,61.36%,0,0,-1,1,1,1,0,2,0
404,0.6,1,1,2.2,1,42,94.13%,127.2,67.67%,74.3,75.14%,23.04%,103.7,8,98.28%,42.00%,66.17%,0,1,1,0,0,0,0,3,0
405,53.9,1,1,4.7,1,134,72.61%,5.0,96.16%,125.5,23.36%,40.20%,18.9,3,89.92%,63.29%,71.76%,1,0,-1,0,1,2,0,0,1
406,6.4,0,0,62.0,0,1778,09.22%,163.6,65.26%,24.4,52.37%,47.01%,162.2,12,08.59%,55.99%,50.45%,1,1,-1,0,1,0,0,6,1
407,45.1,1,2,3.7,1,314,62.48%,104.5,10.75%,102.9,31.55%,59.29%,4.1,8,50.96%,64.29%,49.49%,1,1,1,0,0,1,0,4,0
408,9.7,0,2,2.2,0,32,81.65%,4.1,28.37%,2.2,63.86%,69.99%,38.2,14,72.22%,14.82%,88.47%,1,0,-1,0,1,0,1,0,0
409,0.2,1,0,10.2,0,224,84.71%,4.1,86.00%,25.8,87.21%,60.01%,13.2,0,81.17%,46.63%,54.80%,0,1,0,1,1,0,0,0,0
410,46.9,0,2,22.6,0,635,83.46%,13.9,96.86%,29.9,65.32%,64.35%,72.5,12,16.56%,13.70%,21.49%,0,1,-1,0,1,0,0,6,0
411,1.5,1,0,74.0,1,1060,70.73%,31.3,20.84%,97.6,93.85%,08.70%,55.8,1,01.43%,54.44%,42.51%,0,1,-1,1,1,0,3,0,0
412,0.1,1,1,3.5,0,776,98.19%,4.5,23.54%,94.1,54.80%,03.39%,4.2,5,70.12%,91.58%,90.65%,2,1,0,0,0,1,0,0,0
413,8.1,0,2,10.9,1,573,73.72%,138.8,46.08%,8.4,36.59%,75.34%,7.3,0,93.32%,00.71%,91.95%,0,1,1,0,1,3,0,0,0
414,0.4,1,1,2.5,0,177,68.29%,6.8,53.26%,40.6,82.54%,34.00%,22.2,4,92.17%,19.11%,11.14%,2,1,0,0,0,2,0,1,0
415,0.0,0,1,23.1,1,1388,03.99%,32.8,08.08%,7.0,84.62%,84.60%,5.0,4,00.10%,61.80%,93.69%,2,0,-1,0,1,1,0,0,1
416,22.4,0,1,2.2,1,32,35.84%,84.8,82.69%,92.2,96.81%,14.46%,20.3,15,13.96%,14.38%,08.11%,0,0,-1,1,0,0,4,0,1
417,1.2,0,1,2.2,0,1703,29.89%,146.4,24.27%,134.4,05.18%,11.62%,15.7,11,28.15%,89.61%,20.52%,1,1,0,1,0,0,0,4,1
418,0.0,0,0,2.9,0,888,65.42%,11.9,25.99%,6.8,71.86%,91.28%,171.6,13,07.43%,46.64%,34.26%,2,0,-1,1,1,0,4,0,1
419,44.2,1,2,34.1,1,2149,89.10%,7.2,90.31%,8.3,18.23%,03.12%,24.3,10,45.72%,16.24%,34.19%,1,0,-1,0,0,0,2,0,0
420,52.8,0,0,39.7,1,35,44.26%,4.1,30.36%,170.3,74.94%,02.38%,9.9,5,93.00%,54.99%,76.51%,1,1,1,0,0,0,2,2,0
421,25.1,1,1,4.5,0,989,48.06%,167.1,38.80%,26.9,67.24%,75.03%,4.6,15,88.44%,42.21%,96.39%,1,1,-1,0,1,0,0,0,1
422,39.3,1,0,55.1,1,1366,37.50%,118.6,57.83%,3.9,69.48%,59.60%,14.0,4,48.48%,12.41%,77.19%,1,0,-1,0,0,2,0,2,0
423,6.9,0,0,11.8,0,152,93.14%,69.7,88.34%,78.9,84.11%,99.05%,18.5,0,15.14%,61.02%,47.25%,0,0,-1,1,1,3,2,0,1
424,5.3,1,2,3.4,1,268,34.61%,4.1,91.89%,4.3,26.44%,87.52%,10.3,0,05.35%,37.46%,14.18%,1,1,-1,1,0,4,1,1,1
425,23.2,0,0,18.8,1,337,26.67%,30.3,76.13%,56.6,38.19%,31.15%,14.9,0,77.78%,45.53%,86.79%,2,1,0,1,0,0,0,0,1
426,36.4,1,2,33.9,0,161,12.03%,48.2,71.26%,60.9,70.98%,49.65%,25.1,5,35.32%,99.92%,74.61%,0,0,-1,0,0,0,4,0,0
427,58.5,1,2,5.4,0,915,87.72%,61.5,22.58%,78.8,22.44%,36.59%,5.8,12,97.67%,52.52%,88.41%,2,0,-1,1,1,5,0,0,1
428,0.4,0,1,2.3,0,280,09.82%,4.1,02.83%,170.7,05.93%,01.48%,4.4,10,99.90%,18.12%,12.97%,2,0,-1,1,0,3,2,1,1
429,77.1,1,2,2.2,1,218,91.67%,4.9,20.37%,6.7,98.26%,18.25%,18.8,0,28.74%,57.66%,18.07%,0,1,1,0,0,4,5,0,0
430,14.6,0,2,6.2,1,2365,61.34%,167.5,79.97%,22.1,56.83%,78.67%,24.2,4,70.78%,18.93%,57.33%,0,1,1,0,0,1,0,1,1
431,32.3,0,2,7.5,1,1395,73.96%,144.6,26.36%,80.8,88.34%,74.19%,37.8,12,30.52%,82.25%,11.51%,1,1,1,0,0,3,1,0,1
432,38.2,1,2,70.4,0,128,48.60%,122.6,59.01%,111.3,38.67%,83.95%,81.6,1,69.89%,86.41%,71.49%,2,1,-1,0,0,0,5,0,1
433,68.1,0,0,21.8,0,58,69.47%,8.1,56.00%,40.0,94.51%,87.56%,59.5,0,42.70%,71.53%,11.40%,0,0,-1,0,1,5,1,0,1
434,12.8,1,2,17.0,0,587,33.61%,132.0,13.65%,52.2,45.51%,79.37%,4.9,0,56.41%,51.41%,19.06%,2,0,-1,1,0,0,0,0,1
435,38.7,1,0,21.3,0,654,06.37%,55.9,23.31%,7.5,56.90%,62.87%,11.5,15,01.24%,27.67%,77.19%,0,1,0,0,1,1,3,0,1
436,0.3,0,1,2.4,0,335,30.53%,5.3,46.10%,123.1,96.01%,95.98%,15.5,4,68.63%,93.33%,00.54%,1,0,-1,1,1,1,4,3,1
437,66.7,0,2,35.5,0,2667,68.67%,119.5,12.06%,10.0,01.78%,37.71%,4.1,11,69.23%,01.58%,63.36%,0,0,-1,1,0,0,2,5,0
438,0.9,1,1,20.7,0,57,97.61%,44.1,40.55%,134.4,27.48%,60.53%,24.7,0,99.06%,69.81%,07.39%,2,1,0,1,1,4,0,0,0
439,5.8,1,0,36.8,1,132,66.34%,97.9,50.29%,13.8,55.66%,56.74%,22.0,6,00.48%,55.96%,15.92%,2,1,0,1,0,0,3,4,0
440,69.7,0,1,46.6,1,741,06.62%,6.4,86.77%,2.8,53.37%,02.92%,14.8,3,80.88%,28.35%,92.45%,2,0,-1,1,0,0,3,0,1
441,56.5,1,2,71.5,1,2545,51.51%,25.9,06.84%,38.7,66.40%,79.71%,4.6,5,30.61%,89.99%,95.09%,1,0,-1,0,1,0,0,0,1
442,38.1,0,0,44.3,1,209,54.75%,162.5,65.58%,176.1,34.52%,09.79%,4.5,6,52.57%,36.20%,93.94%,2,0,-1,1,0,0,0,0,1
443,26.7,0,0,45.9,0,242,88.80%,99.0,96.19%,43.2,24.76%,84.52%,15.2,1,16.05%,52.34%,71.11%,0,0,-1,1,0,2,1,0,0
444,66.6,0,0,3.4,1,2015,13.26%,4.8,26.70%,42.8,13.46%,82.54%,4.1,12,98.83%,17.82%,63.99%,0,0,-1,1,0,1,0,0,1
445,55.1,0,2,35.9,0,1973,92.94%,72.7,62.58%,37.1,61.99%,06.71%,123.4,12,02.86%,62.94%,58.19%,2,0,-1,0,0,0,0,0,0
446,20.0,0,1,4.0,0,773,80.36%,144.9,98.46%,81.0,86.88%,67.36%,5.3,14,85.65%,72.42%,54.75%,0,0,-1,0,1,0,0,7,1
447,61.0,1,0,71.6,1,1036,43.20%,4.7,35.41%,10.4,51.12%,93.34%,9.5,8,70.93%,06.61%,10.49%,2,0,-1,1,1,0,0,0,0
448,31.9,1,2,19.7,1,385,05.56%,172.8,89.13%,174.8,75.31%,64.55%,12.5,0,88.36%,57.88%,71.80%,1,1,0,0,1,1,0,0,1
449,0.0,1,1,6.8,0,320,51.57%,61.4,82.74%,108.5,23.09%,45.07%,4.8,1,32.64%,55.93%,32.43%,1,1,-1,1,0,1,0,0,1
450,42.7,1,0,54.4,0,2490,03.20%,4.2,47.36%,30.9,64.20%,87.26%,158.1,7,49.06%,62.85%,55.85%,1,0,-1,0,0,1,0,0,1
451,2.7,1,2,2.6,1,384,88.03%,143.6,03.12%,3.0,78.25%,18.62%,61.5,12,39.00%,42.53%,13.05%,1,1,1,0,0,5,1,2,0
452,20.7,1,2,2.2,1,427,33.09%,12.1,93.06%,11.5,66.03%,68.46%,56.0,1,68.86%,65.71%,91.82%,1,1,1,0,0,1,0,0,1
453,0.1,0,2,12.3,0,29,50.15%,150.0,67.58%,8.0,78.57%,84.72%,4.1,14,30.05%,83.81%,26.83%,1,1,-1,0,1,1,0,1,0
454,7.1,0,0,2.2,1,663,55.38%,6.2,07.84%,38.5,59.27%,92.47%,4.4,11,45.81%,05.44%,76.90%,0,1,0,1,1,0,0,4,1
455,24.2,0,2,81.8,1,713,47.48%,4.7,88.94%,9.5,97.99%,22.96%,45.7,1,88.62%,36.42%,81.48%,1,1,1,1,0,5,0,1,1
456,58.3,1,0,4.0,1,525,31.83%,30.0,44.65%,22.8,31.20%,32.81%,6.1,2,87.18%,29.39%,01.44%,1,1,0,1,1,0,3,0,1
457,52.0,1,2,2.2,0,2111,15.60%,119.0,96.14%,62.8,82.80%,23.16%,9.0,8,29.35%,93.09%,13.52%,0,1,-1,0,1,4,2,0,1
458,8.3,1,2,37.1,1,106,98.21%,113.4,59.92%,141.1,80.15%,94.14%,102.0,10,35.93%,41.61%,01.25%,1,0,-1,1,0,0,1,0,0
459,35.1,0,1,14.2,1,74,12.18%,158.5,99.79%,152.3,62.28%,13.77%,5.9,8,87.64%,95.26%,43.77%,1,0,-1,1,1,4,0,0,0
460,71.8,1,2,5.1,1,1065,30.65%,141.4,84.02%,16.1,68.72%,15.05%,166.8,12,97.03%,79.52%,98.32%,0,1,-1,0,1,1,4,0,1
461,37.0,0,2,37.9,0,193,23.05%,128.7,61.79%,39.2,02.53%,39.31%,6.1,0,54.56%,78.11%,30.57%,1,0,-1,0,1,2,0,0,0
462,50.5,1,1,4.7,0,280,49.86%,4.3,56.96%,23.0,71.61%,99.54%,38.6,4,23.66%,74.15%,05.22%,0,1,-1,0,1,4,0,2,0
463,21.9,0,0,64.7,0,883,34.82%,134.4,73.56%,97.3,25.84%,90.66%,4.3,4,07.07%,94.05%,34.09%,2,0,-1,0,1,0,0,1,1
464,3.8,1,2,2.1,0,201,12.74%,4.1,38.95%,54.9,81.27%,51.68%,37.0,9,84.03%,52.09%,44.56%,2,0,-1,0,0,0,0,1,1
465,4.2,1,0,16.0,0,2455,78.85%,51.3,60.65%,93.6,10.55%,34.52%,4.5,4,44.69%,46.87%,43.88%,2,0,-1,1,0,0,4,0,1
466,8.6,0,2,13.7,0,403,70.27%,5.3,71.83%,7.3,42.97%,16.47%,67.1,2,30.03%,09.28%,95.92%,1,0,-1,0,1,2,3,0,0
467,15.8,1,0,6.1,1,1715,53.81%,29.4,24.15%,15.2,88.95%,11.03%,25.9,7,66.45%,06.63%,91.96%,0,0,-1,1,1,0,0,0,0
468,0.0,1,1,7.1,0,26,00.78%,10.8,96.78%,3.0,02.00%,88.26%,4.1,11,14.51%,66.11%,97.31%,0,1,0,0,1,0,1,0,0
469,0.0,1,1,31.3,0,86,93.58%,31.7,42.63%,30.7,79.57%,42.22%,28.3,12,79.43%,28.05%,54.27%,1,1,-1,0,1,0,0,1,0
470,28.2,1,0,2.2,0,577,82.87%,24.8,24.31%,45.2,50.71%,98.25%,102.5,13,73.19%,21.70%,63.32%,1,1,0,1,0,1,1,0,1
471,3.6,1,1,70.9,0,154,38.46%,8.0,38.29%,175.1,07.08%,72.22%,8.2,6,13.24%,92.62%,34.68%,1,0,-1,0,1,0,2,0,1
472,7.3,0,1,54.7,1,309,54.28%,8.8,66.35%,79.1,61.71%,11.06%,46.5,13,61.34%,32.49%,80.73%,2,0,-1,0,1,1,0,0,0
473,35.7,1,2,59.5,1,954,86.82%,9.0,37.58%,18.8,56.17%,24.91%,143.2,9,69.33%,06.18%,05.08%,1,1,0,0,1,4,0,4,1
474,2.9,1,0,14.8,0,324,28.29%,6.3,83.44%,10.7,30.10%,54.90%,42.2,1,51.45%,31.62%,67.73%,0,0,-1,1,0,0,0,0,0
475,3.7,0,1,22.0,0,2800,83.00%,15.5,83.59%,125.9,19.67%,51.56%,28.2,5,98.31%,97.35%,12.72%,1,1,1,0,0,0,2,0,1
476,0.1,0,2,58.3,0,385,02.53%,7.0,45.07%,17.4,18.02%,47.32%,32.8,15,46.87%,70.60%,37.39%,0,1,0,1,0,0,4,0,1
477,1.6,1,2,12.3,1,39,01.97%,63.0,13.77%,76.9,07.87%,59.89%,11.2,5,40.02%,63.57%,07.27%,0,1,-1,0,1,0,0,1,1
478,4.8,1,0,5.7,1,1013,38.34%,11.5,07.36%,176.9,85.73%,74.66%,33.1,12,11.66%,08.45%,12.66%,0,0,-1,1,1,4,3,4,0
479,0.0,0,2,68.7,0,388,87.67%,127.7,32.53%,32.8,28.98%,23.75%,4.2,1,12.22%,17.62%,42.15%,1,1,0,0,0,0,5,0,0
480,69.4,0,0,13.6,0,575,00.08%,14.0,86.84%,55.5,14.03%,89.10%,5.8,3,23.15%,33.38%,79.89%,1,1,1,0,0,0,3,2,0
481,37.3,1,2,2.1,0,787,96.32%,8.8,12.71%,26.3,77.32%,21.92%,53.1,9,71.97%,84.48%,77.05%,2,0,-1,1,1,1,0,0,0
482,1.4,0,2,17.9,0,779,59.67%,149.8,82.13%,8.3,60.66%,00.01%,10.0,1,49.90%,12.79%,95.23%,1,0,-1,1,1,0,4,2,0
483,43.1,0,2,36.8,0,2229,28.27%,45.2,90.91%,114.7,18.96%,77.05%,14.4,12,73.73%,05.19%,72.59%,0,0,-1,0,1,4,4,2,0
484,67.4,0,0,15.6,1,21,13.84%,111.6,28.96%,69.0,59.61%,10.02%,4.7,0,57.46%,73.35%,57.09%,2,0,-1,0,1,2,0,0,0
485,1.6,1,1,21.8,1,104,27.39%,4.3,11.20%,115.6,20.86%,12.47%,6.4,13,26.87%,24.12%,62.67%,1,1,-1,0,0,0,0,0,0
486,0.0,0,0,72.3,0,93,15.43%,113.0,50.98%,48.0,86.00%,58.97%,13.9,1,71.39%,86.30%,42.32%,2,1,0,1,0,4,2,0,0
487,0.0,1,0,67.9,0,1024,62.63%,4.7,97.48%,77.4,76.91%,82.60%,83.7,2,97.25%,62.58%,62.78%,1,1,0,1,1,2,3,0,0
488,0.1,0,0,55.1,1,642,07.97%,11.6,77.84%,11.5,96.28%,89.42%,4.8,10,84.26%,78.89%,50.86%,2,1,0,0,1,1,0,0,1
489,68.8,0,0,2.2,0,579,63.17%,4.1,83.12%,16.3,43.02%,81.43%,4.1,11,45.39%,00.18%,44.43%,2,1,0,1,0,1,0,0,0
490,0.0,1,0,24.2,1,150,08.00%,15.0,43.27%,132.3,01.92%,16.14%,5.0,9,24.09%,35.68%,36.34%,1,1,-1,1,0,0,0,0,0
491,70.4,0,2,50.5,0,37,03.33%,4.2,63.60%,28.2,38.54%,65.95%,26.3,11,64.13%,16.21%,75.95%,0,0,-1,1,1,0,5,2,1
492,71.8,0,0,5.1,1,1372,88.89%,4.3,21.73%,24.7,76.08%,91.31%,9.2,5,50.65%,82.91%,64.62%,0,0,-1,1,1,0,0,0,0
493,27.5,1,0,60.5,0,2506,16.33%,6.7,27.49%,25.9,14.50%,55.21%,4.4,9,39.67%,95.03%,73.09%,2,1,0,1,0,1,0,0,1
494,23.0,0,2,3.4,0,54,57.99%,126.9,62.76%,22.8,15.10%,72.89%,28.9,3,64.88%,90.43%,98.76%,2,0,-1,0,0,0,3,2,0
495,0.9,0,1,25.5,1,1921,19.01%,60.9,25.57%,56.1,51.35%,81.77%,9.5,7,49.45%,18.40%,67.84%,2,0,-1,1,0,0,3,0,0
496,0.2,1,2,2.1,0,149,20.08%,7.8,88.96%,19.1,26.26%,00.39%,6.2,0,25.33%,86.11%,82.22%,2,1,-1,1,1,0,3,0,1
497,13.6,1,0,5.0,1,2418,02.77%,50.1,74.52%,17.6,92.48%,71.21%,138.6,7,17.90%,77.15%,21.20%,2,1,1,0,1,0,0,0,1
498,27.6,1,0,8.1,0,1435,58.19%,4.3,26.89%,74.2,91.86%,10.37%,10.4,15,81.35%,73.21%,14.68%,1,1,0,1,0,4,0,0,1
499,30.9,1,1,78.8,0,1236,67.51%,152.7,62.79%,91.4,91.04%,68.18%,30.3,1,31.90%,59.50%,19.54%,0,1,0,0,0,0,5,2,1
