,user_id,gender,age,study_bg,extr_1,agre_1,cons_1,neur_1,open_1,storyTime,isAcceptGift,difficultyLevel,tutorialTime,duration,clickRate,goodRate,moveNum,npcHitRate,keepaway,hitRate,feedback,score1,batteryTimes,getbackRate,mismatchRate,badRate,giftType,isUpload,IsRealScore,bugTimes,replayTimes,filterLenTimes,signalTimes,impulseTimes,morePolicy,lifetime
0,202,女,26,硕士及以上,2.5,4.2,3.4,3.1,4.0,11.0,1,1,31.1,1,900,0.7,36.4,3.2,61.1,0.8,0.7,68.2,5,0.3,0.4,0.5,0,1,1,0,1,1,2,2,1,210
1,202,女,26,硕士及以上,2.5,4.2,3.4,3.1,4.0,20.5,1,1,24.9,1,714,0.4,65.3,3.3,96.0,0.8,0.7,82.8,5,0.3,0.3,0.5,1,1,0,1,1,2,2,2,1,210
2,202,女,26,硕士及以上,2.5,4.2,3.4,3.1,4.0,27.6,1,1,31.0,1,1187,0.6,15.9,3.8,95.7,0.8,0.8,53.9,5,0.3,0.3,0.6,0,1,0,0,1,2,1,2,1,210
3,202,女,26,硕士及以上,2.5,4.2,3.4,3.1,4.0,34.0,1,1,26.0,1,452,0.5,50.0,26.1,60.6,0.8,0.6,49.6,6,0.3,0.3,0.5,0,1,1,0,1,2,1,7,1,240
4,202,女,26,硕士及以上,2.5,4.2,3.4,3.1,4.0,25.6,1,1,44.6,1,1132,0.6,44.9,2.3,65.8,0.8,0.7,67.5,5,0.3,0.3,0.6,0,1,1,0,1,1,2,3,1,210
5,202,女,26,硕士及以上,2.5,4.2,3.4,3.1,4.0,15.5,1,1,21.6,1,1195,0.5,15.8,3.8,96.8,0.7,0.5,60.2,6,0.3,0.4,0.5,1,1,0,0,1,1,2,5,1,240
6,202,女,26,硕士及以上,2.5,4.2,3.4,3.1,4.0,22.9,1,1,38.7,1,454,0.6,35.3,12.1,81.2,0.8,0.5,89.1,5,0.3,0.3,0.5,1,1,1,1,1,2,2,6,1,210
7,202,女,26,硕士及以上,2.5,4.2,3.4,3.1,4.0,10.9,1,1,43.8,1,886,0.6,68.8,13.5,116.7,0.6,0.6,96.5,10,0.4,0.3,0.6,1,1,1,0,1,2,2,4,1,360
8,202,女,26,硕士及以上,2.5,4.2,3.4,3.1,4.0,22.2,1,1,38.1,1,395,0.7,46.5,26.2,118.3,0.8,0.8,41.9,10,0.3,0.3,0.4,1,1,1,0,1,1,2,5,1,360
9,202,女,26,硕士及以上,2.5,4.2,3.4,3.1,4.0,29.0,1,1,44.8,1,376,0.7,54.2,22.2,110.0,0.7,0.5,62.4,6,0.2,0.3,0.4,0,1,1,0,1,2,1,3,1,240
10,7,女,30,高中/中专/技校/职高,3.5,4.1,3.9,2.9,4.2,2.1,1,1,24.3,1,886,0.6,27.7,3.7,44.1,0.7,0.7,127.1,7,0.2,0.4,0.3,1,0,-1,0,1,4,5,5,1,270
11,7,女,30,高中/中专/技校/职高,3.5,4.1,3.9,2.9,4.2,6.5,1,1,24.4,1,344,0.7,3.8,3.9,36.8,0.8,0.7,3.4,2,0.3,0.4,0.4,1,0,-1,1,1,0,0,4,1,120
12,7,女,30,高中/中专/技校/职高,3.5,4.1,3.9,2.9,4.2,2.5,1,1,15.2,1,814,0.8,43.3,3.7,62.9,0.8,0.7,64.8,8,0.3,0.4,0.3,1,0,-1,1,0,3,5,2,1,300
13,7,女,30,高中/中专/技校/职高,3.5,4.1,3.9,2.9,4.2,13.5,1,1,21.9,1,389,0.8,39.7,3.3,6.0,0.8,0.7,22.0,13,0.3,0.4,0.4,-1,1,1,1,0,5,3,1,0,450
14,7,女,30,高中/中专/技校/职高,3.5,4.1,3.9,2.9,4.2,2.7,1,1,20.6,1,916,0.6,10.6,2.9,27.8,0.8,0.8,36.9,8,0.3,0.5,0.3,1,0,-1,0,1,5,5,1,1,300
15,7,女,30,高中/中专/技校/职高,3.5,4.1,3.9,2.9,4.2,2.9,1,1,38.5,1,778,0.7,61.9,27.5,39.8,0.8,0.6,3.0,6,0.2,0.3,0.4,-1,1,1,1,1,5,0,1,0,240
16,7,女,30,高中/中专/技校/职高,3.5,4.1,3.9,2.9,4.2,7.6,1,1,23.5,1,318,0.5,5.8,2.7,48.5,0.8,0.8,37.9,10,0.2,0.4,0.3,0,1,-1,1,1,5,4,2,1,360
17,7,女,30,高中/中专/技校/职高,3.5,4.1,3.9,2.9,4.2,3.9,1,1,22.2,1,762,0.5,30.6,3.8,62.0,0.8,0.5,25.9,3,0.2,0.6,0.2,1,1,0,1,0,5,4,1,0,150
18,7,女,30,高中/中专/技校/职高,3.5,4.1,3.9,2.9,4.2,2.0,1,1,33.1,1,112,0.7,57.4,3.6,43.3,0.8,0.6,25.8,4,0.3,0.4,0.4,-1,1,0,0,0,5,5,2,1,180
19,7,女,30,高中/中专/技校/职高,3.5,4.1,3.9,2.9,4.2,18.7,1,1,22.7,1,557,0.6,55.0,26.6,4.8,0.9,0.8,87.0,19,0.5,0.4,0.2,1,1,1,0,1,0,4,4,0,630
20,236,女,22,本科/专科,3.0,3.0,3.0,3.0,3.0,11.4,1,1,26.1,1,521,0.5,21.6,5.4,88.1,0.6,0.4,9.8,6,0.2,0.2,0.6,-1,1,-1,0,0,2,1,6,0,240
21,236,女,22,本科/专科,3.0,3.0,3.0,3.0,3.0,5.6,0,1,23.5,1,1248,0.6,14.2,5.5,99.8,0.7,0.4,14.2,9,0.3,0.1,0.5,0,1,-1,0,1,2,5,2,0,330
22,236,女,22,本科/专科,3.0,3.0,3.0,3.0,3.0,12.6,1,1,15.2,1,886,0.6,37.0,5.9,77.3,0.7,0.6,22.0,10,0.3,0.2,0.4,-1,0,-1,0,1,2,5,6,0,360
23,236,女,22,本科/专科,3.0,3.0,3.0,3.0,3.0,7.8,1,1,16.3,1,1232,0.7,16.3,5.9,90.5,0.7,0.5,15.6,5,0.2,0.1,0.5,0,1,1,1,1,2,1,2,1,210
24,236,女,22,本科/专科,3.0,3.0,3.0,3.0,3.0,11.3,1,1,17.8,1,839,0.4,73.3,5.3,112.5,0.7,0.5,11.3,11,0.2,0.2,0.4,-1,1,-1,0,1,1,5,2,0,390
25,236,女,22,本科/专科,3.0,3.0,3.0,3.0,3.0,31.5,0,1,30.6,1,762,0.7,67.3,5.8,56.9,0.7,0.5,9.8,11,0.4,0.1,0.5,-1,0,-1,0,1,1,5,2,0,390
26,236,女,22,本科/专科,3.0,3.0,3.0,3.0,3.0,26.3,0,1,35.6,1,1119,0.5,33.4,6.1,96.2,0.5,0.5,10.7,8,0.3,0.1,0.5,-1,0,-1,0,0,2,3,2,1,300
27,236,女,22,本科/专科,3.0,3.0,3.0,3.0,3.0,12.1,1,1,8.9,1,1224,0.4,14.3,6.5,105.8,0.7,0.4,7.9,10,0.3,0.1,0.5,-1,1,1,1,1,2,5,2,0,360
28,236,女,22,本科/专科,3.0,3.0,3.0,3.0,3.0,17.6,0,1,10.9,1,514,0.6,63.8,6.2,113.2,0.5,0.7,53.1,5,0.3,0.1,0.5,-1,1,1,0,0,2,3,5,1,210
29,236,女,22,本科/专科,3.0,3.0,3.0,3.0,3.0,10.9,0,1,8.2,1,942,0.6,73.5,5.9,75.2,0.4,0.7,57.3,5,0.4,0.4,0.5,0,1,-1,1,0,1,5,2,1,210
30,206,男,27,本科/专科,4.4,4.9,4.9,1.2,3.8,15.4,1,1,62.8,1,1763,0.8,60.5,4.3,38.8,0.5,0.3,63.4,7,0.2,0.2,0.3,0,1,1,1,0,5,3,2,1,270
31,206,男,27,本科/专科,4.4,4.9,4.9,1.2,3.8,18.8,1,1,61.7,1,1975,0.7,108.6,29.3,72.4,0.6,0.1,26.4,11,0.1,0.1,0.3,0,1,1,1,0,4,3,4,1,390
32,206,男,27,本科/专科,4.4,4.9,4.9,1.2,3.8,26.5,1,1,61.6,1,1993,0.6,61.1,4.8,55.3,0.5,0.3,30.2,8,0.1,0.3,0.2,1,1,1,0,1,5,1,4,0,300
33,206,男,27,本科/专科,4.4,4.9,4.9,1.2,3.8,22.7,1,1,64.7,1,2212,0.6,94.3,21.3,60.4,0.6,0.0,33.2,11,0.1,0.1,0.3,1,1,0,1,0,3,3,19,0,390
34,206,男,27,本科/专科,4.4,4.9,4.9,1.2,3.8,11.6,1,1,60.2,1,1679,0.7,63.1,3.5,63.8,0.6,0.2,28.8,11,0.1,0.1,0.3,0,1,1,1,1,2,3,10,1,390
35,206,男,27,本科/专科,4.4,4.9,4.9,1.2,3.8,34.5,1,1,76.9,1,1540,0.8,61.2,21.4,39.8,0.6,0.3,26.6,9,0.2,0.1,0.3,1,1,1,1,1,5,3,4,1,330
36,206,男,27,本科/专科,4.4,4.9,4.9,1.2,3.8,24.2,1,2,77.3,1,2276,0.6,116.9,3.9,42.9,0.6,0.1,36.7,8,0.1,0.1,0.3,1,1,0,0,1,5,3,3,0,300
37,206,男,27,本科/专科,4.4,4.9,4.9,1.2,3.8,7.5,1,2,55.4,1,1382,0.6,64.4,3.6,46.8,0.6,0.2,26.2,6,0.1,0.1,0.3,1,1,1,0,1,5,2,11,0,240
38,206,男,27,本科/专科,4.4,4.9,4.9,1.2,3.8,33.4,1,2,61.6,1,1395,0.8,108.2,4.1,73.8,0.5,0.1,42.9,6,0.1,0.1,0.3,0,1,1,1,1,5,1,2,0,240
39,206,男,27,本科/专科,4.4,4.9,4.9,1.2,3.8,7.9,1,2,62.0,1,1989,0.7,114.7,4.3,49.1,0.6,0.3,78.2,9,0.1,0.1,0.3,1,1,1,1,1,2,3,3,1,330
40,240,男,28,本科/专科,3.0,3.4,3.6,2.6,3.6,22.1,1,1,34.1,1,1132,0.5,55.2,1.1,78.5,0.6,0.6,42.8,1,0.1,0.3,0.3,0,1,-1,0,0,2,2,2,0,90
41,240,男,28,本科/专科,3.0,3.4,3.6,2.6,3.6,16.4,1,1,38.8,1,747,0.6,41.1,1.3,112.1,0.6,0.3,69.1,1,0.1,0.1,0.3,1,1,1,0,1,1,2,3,1,90
42,240,男,28,本科/专科,3.0,3.4,3.6,2.6,3.6,10.4,0,1,18.3,1,1040,0.5,38.8,0.8,101.8,0.6,0.3,34.9,5,0.1,0.1,0.4,1,1,1,1,1,2,1,5,1,210
43,240,男,28,本科/专科,3.0,3.4,3.6,2.6,3.6,16.8,1,1,43.6,1,752,0.6,74.5,1.5,89.5,0.6,0.4,55.4,1,0.3,0.1,0.3,-1,0,-1,0,1,1,1,7,1,90
44,240,男,28,本科/专科,3.0,3.4,3.6,2.6,3.6,22.0,1,1,39.7,1,1071,0.5,72.6,1.6,82.2,0.6,0.4,56.5,1,0.2,0.2,0.2,0,0,-1,1,1,2,1,6,1,90
45,240,男,28,本科/专科,3.0,3.4,3.6,2.6,3.6,38.9,1,1,20.2,1,1355,0.6,50.9,9.5,106.8,0.6,0.3,39.9,3,0.3,0.2,0.4,0,0,-1,1,0,2,2,3,0,150
46,240,男,28,本科/专科,3.0,3.4,3.6,2.6,3.6,10.5,0,1,21.5,1,1397,0.7,80.4,1.4,93.8,0.4,0.5,40.4,2,0.3,0.1,0.3,-1,0,-1,1,0,1,2,2,1,120
47,240,男,28,本科/专科,3.0,3.4,3.6,2.6,3.6,25.6,1,1,19.4,1,772,0.7,25.9,1.4,87.2,0.5,0.4,42.1,1,0.3,0.3,0.2,-1,0,-1,0,0,2,1,6,1,90
48,240,男,28,本科/专科,3.0,3.4,3.6,2.6,3.6,17.1,1,1,19.4,1,742,0.7,78.2,0.7,72.5,0.6,0.4,44.0,1,0.1,0.1,0.3,1,0,-1,1,0,2,2,2,1,90
49,240,男,28,本科/专科,3.0,3.4,3.6,2.6,3.6,19.1,1,1,26.9,1,1349,0.5,49.4,1.5,103.7,0.5,0.6,28.0,1,0.2,0.1,0.3,-1,1,-1,0,1,2,2,4,0,90
50,159,女,31,本科/专科,2.0,2.7,3.4,3.6,3.4,8.7,1,1,19.8,1,1038,0.4,45.1,1.2,93.4,0.7,0.4,23.5,5,0.4,0.5,0.5,-1,0,-1,0,0,5,1,8,1,210
51,159,女,31,本科/专科,2.0,2.7,3.4,3.6,3.4,13.6,1,1,40.1,1,822,0.5,44.5,1.0,96.8,0.6,0.7,64.8,4,0.2,0.5,0.4,-1,0,-1,0,0,2,3,0,1,180
52,159,女,31,本科/专科,2.0,2.7,3.4,3.6,3.4,17.8,0,1,31.8,1,651,0.5,81.8,11.3,88.5,0.6,0.4,28.7,4,0.3,0.5,0.5,-1,1,0,0,0,5,2,0,1,180
53,159,女,31,本科/专科,2.0,2.7,3.4,3.6,3.4,32.8,0,1,38.8,1,850,0.6,79.4,1.2,68.0,0.6,0.5,15.7,4,0.2,0.5,0.4,-1,0,-1,0,0,0,2,4,1,180
54,159,女,31,本科/专科,2.0,2.7,3.4,3.6,3.4,29.8,0,1,15.6,1,932,0.4,49.7,16.9,88.9,0.8,0.6,16.9,4,0.2,0.5,0.5,0,0,-1,0,1,2,3,0,0,180
55,159,女,31,本科/专科,2.0,2.7,3.4,3.6,3.4,9.4,1,1,12.8,1,533,0.6,38.1,1.3,99.6,0.9,0.7,39.3,7,0.3,0.5,0.5,-1,0,-1,1,0,5,3,1,1,270
56,159,女,31,本科/专科,2.0,2.7,3.4,3.6,3.4,23.2,0,1,18.7,1,783,0.7,80.4,29.7,110.8,0.9,0.5,13.7,4,0.2,0.5,0.5,-1,1,-1,1,0,5,3,2,0,180
57,159,女,31,本科/专科,2.0,2.7,3.4,3.6,3.4,33.1,0,1,36.5,1,198,0.5,81.8,2.0,99.4,0.8,0.6,12.5,8,0.1,0.7,0.5,-1,1,0,1,1,0,1,0,1,300
58,159,女,31,本科/专科,2.0,2.7,3.4,3.6,3.4,15.8,0,1,22.4,1,190,0.5,45.3,0.7,68.1,0.7,0.6,16.8,8,0.2,0.5,0.5,-1,0,-1,0,1,2,3,11,0,300
59,159,女,31,本科/专科,2.0,2.7,3.4,3.6,3.4,18.4,0,1,14.8,1,265,0.5,53.7,1.4,88.5,0.8,0.4,17.4,4,0.2,0.6,0.5,-1,0,-1,0,1,4,3,18,0,180
60,79,女,23,硕士及以上,2.5,4.0,3.8,2.5,3.3,12.7,1,1,55.6,1,1037,0.8,17.9,1.0,44.2,0.8,0.3,79.0,3,0.4,0.1,0.2,1,0,-1,1,1,5,2,2,1,150
61,79,女,23,硕士及以上,2.5,4.0,3.8,2.5,3.3,11.8,1,1,56.0,1,818,0.6,24.6,1.6,56.1,0.7,0.3,85.0,3,0.4,0.1,0.4,1,0,-1,0,1,5,1,1,1,150
62,79,女,23,硕士及以上,2.5,4.0,3.8,2.5,3.3,6.1,1,1,52.9,1,920,0.6,48.1,1.7,38.2,0.6,0.3,43.1,1,0.2,0.1,0.3,1,0,-1,0,1,5,2,2,1,90
63,79,女,23,硕士及以上,2.5,4.0,3.8,2.5,3.3,30.7,1,1,38.3,1,1203,0.8,41.4,1.8,47.2,0.8,0.4,87.9,2,0.8,0.1,0.4,0,0,-1,0,1,0,2,1,1,120
64,79,女,23,硕士及以上,2.5,4.0,3.8,2.5,3.3,16.6,1,1,44.6,1,1040,0.6,52.6,1.1,9.2,0.8,0.3,46.2,2,0.6,0.1,0.3,1,0,-1,1,1,5,2,6,1,120
65,79,女,23,硕士及以上,2.5,4.0,3.8,2.5,3.3,7.3,1,1,48.8,1,1171,0.6,37.7,1.7,66.8,0.7,0.3,40.7,3,0.5,0.0,0.4,0,0,-1,1,1,5,2,6,1,150
66,79,女,23,硕士及以上,2.5,4.0,3.8,2.5,3.3,20.8,1,1,50.0,1,1263,0.6,26.9,0.6,9.3,0.9,0.5,80.9,2,0.7,0.1,0.3,1,0,-1,1,1,2,2,1,1,120
67,79,女,23,硕士及以上,2.5,4.0,3.8,2.5,3.3,31.2,1,1,51.4,1,917,0.8,33.7,1.4,27.3,0.9,0.5,58.1,2,0.3,0.1,0.3,1,0,-1,0,1,5,1,2,1,120
68,79,女,23,硕士及以上,2.5,4.0,3.8,2.5,3.3,32.5,1,1,42.0,1,1038,0.6,47.1,1.3,37.6,0.8,0.2,80.6,1,0.3,0.1,0.4,0,0,-1,0,1,5,2,1,1,90
69,79,女,23,硕士及以上,2.5,4.0,3.8,2.5,3.3,11.4,1,1,60.8,1,1121,0.8,61.8,1.4,34.0,0.8,0.4,45.4,4,0.1,0.1,0.3,0,0,-1,0,1,5,1,1,1,180
70,109,女,23,硕士及以上,3.9,3.4,4.1,1.5,4.3,35.0,1,1,46.1,1,2208,0.8,60.2,18.2,86.2,0.5,0.2,75.5,1,0.2,0.8,0.2,1,0,-1,1,1,2,2,14,1,90
71,109,女,23,硕士及以上,3.9,3.4,4.1,1.5,4.3,14.4,0,1,44.6,1,2112,0.9,47.6,6.2,43.4,0.4,0.4,56.9,2,0.3,0.7,0.3,1,0,-1,0,1,2,2,8,1,120
72,109,女,23,硕士及以上,3.9,3.4,4.1,1.5,4.3,10.6,0,2,59.0,1,2443,0.9,72.4,6.0,42.7,0.5,0.2,80.3,2,0.1,0.7,0.3,0,1,1,1,1,2,1,0,1,120
73,109,女,23,硕士及以上,3.9,3.4,4.1,1.5,4.3,34.7,1,2,38.7,1,1670,0.7,53.9,5.7,61.0,0.5,0.4,26.7,6,0.2,0.7,0.3,1,1,-1,0,1,2,2,11,1,240
74,109,女,23,硕士及以上,3.9,3.4,4.1,1.5,4.3,25.4,0,1,36.7,1,2225,0.9,104.0,6.2,70.5,0.2,0.4,35.3,1,0.1,0.8,0.1,1,1,-1,0,1,1,1,10,1,90
75,109,女,23,硕士及以上,3.9,3.4,4.1,1.5,4.3,20.0,1,2,50.1,1,2438,0.9,99.4,6.0,61.5,0.5,0.3,39.6,2,0.2,0.8,0.3,1,0,-1,0,1,2,1,2,1,120
76,109,女,23,硕士及以上,3.9,3.4,4.1,1.5,4.3,30.4,1,1,59.2,1,1565,0.8,106.4,32.6,60.9,0.5,0.4,76.7,2,0.3,0.7,0.3,0,0,-1,0,1,1,2,3,1,120
77,109,女,23,硕士及以上,3.9,3.4,4.1,1.5,4.3,29.4,0,2,46.2,1,2161,0.9,88.1,28.0,72.5,0.5,0.3,30.3,4,0.1,0.9,0.2,1,1,-1,0,1,1,2,3,1,180
78,109,女,23,硕士及以上,3.9,3.4,4.1,1.5,4.3,10.9,0,2,52.2,1,1863,0.7,92.3,8.1,62.9,0.4,0.2,25.8,6,0.3,0.7,0.3,1,0,-1,0,1,2,2,4,1,240
79,109,女,23,硕士及以上,3.9,3.4,4.1,1.5,4.3,37.0,0,2,58.9,1,1572,0.7,88.9,6.6,42.3,0.5,0.4,29.7,2,0.1,0.7,0.3,0,0,-1,0,1,2,2,3,1,120
80,69,女,24,硕士及以上,4.4,4.7,3.8,1.2,4.3,34.5,1,2,72.8,1,2767,0.7,118.9,1.9,134.6,0.8,0.4,72.5,10,0.2,0.2,0.5,0,1,1,0,1,2,2,13,0,360
81,69,女,24,硕士及以上,4.4,4.7,3.8,1.2,4.3,10.3,1,1,58.8,1,2373,0.5,139.2,2.1,149.8,0.8,0.4,69.8,13,0.1,0.1,0.5,0,1,0,0,0,2,1,19,0,450
82,69,女,24,硕士及以上,4.4,4.7,3.8,1.2,4.3,17.9,1,1,65.3,1,2171,0.6,106.3,2.1,131.3,0.7,0.4,74.0,11,0.0,0.1,0.5,1,1,1,1,0,2,1,18,0,390
83,69,女,24,硕士及以上,4.4,4.7,3.8,1.2,4.3,26.0,1,1,55.7,1,2853,0.5,145.5,1.9,129.3,0.8,0.5,108.1,8,0.1,0.2,0.4,0,1,1,0,0,1,2,12,1,300
84,69,女,24,硕士及以上,4.4,4.7,3.8,1.2,4.3,30.5,1,1,60.4,1,2859,0.6,91.5,29.2,104.2,0.7,0.4,114.8,10,0.1,0.1,0.3,0,1,1,0,1,2,2,4,1,360
85,69,女,24,硕士及以上,4.4,4.7,3.8,1.2,4.3,12.8,1,2,63.0,1,2731,0.5,90.8,1.5,143.7,0.6,0.6,119.4,11,0.3,0.3,0.5,1,1,1,0,0,2,2,2,0,390
86,69,女,24,硕士及以上,4.4,4.7,3.8,1.2,4.3,17.2,1,2,58.0,1,2590,0.5,91.2,1.6,105.2,0.9,0.6,76.8,12,0.1,0.1,0.4,1,1,1,1,0,2,1,10,1,420
87,69,女,24,硕士及以上,4.4,4.7,3.8,1.2,4.3,27.8,1,2,62.7,1,2031,0.6,96.9,1.7,155.7,0.8,0.6,83.1,8,0.1,0.1,0.5,1,1,1,1,1,2,1,2,0,300
88,69,女,24,硕士及以上,4.4,4.7,3.8,1.2,4.3,5.8,1,1,68.5,1,2741,0.6,91.0,1.4,158.9,0.6,0.6,70.2,10,0.1,0.1,0.4,0,1,0,1,0,1,2,3,0,360
89,69,女,24,硕士及以上,4.4,4.7,3.8,1.2,4.3,30.5,1,2,47.3,1,2858,0.7,143.3,2.1,150.6,0.8,0.4,76.8,12,0.1,0.1,0.5,1,1,1,1,1,1,2,7,0,420
90,72,女,23,硕士及以上,2.1,4.2,3.1,2.9,3.5,23.9,1,1,11.4,1,1102,0.9,58.9,27.9,43.2,0.8,0.4,13.1,4,0.2,0.2,0.2,-1,0,-1,0,1,5,2,11,1,180
91,72,女,23,硕士及以上,2.1,4.2,3.1,2.9,3.5,14.5,1,1,10.6,1,967,0.7,65.9,21.3,47.0,0.8,0.2,30.9,3,0.3,0.3,0.2,-1,1,0,0,0,3,1,12,0,150
92,72,女,23,硕士及以上,2.1,4.2,3.1,2.9,3.5,5.7,1,1,19.6,1,623,0.9,35.9,13.6,58.9,0.8,0.4,21.4,7,0.4,0.2,0.2,1,1,1,1,0,5,2,0,0,270
93,72,女,23,硕士及以上,2.1,4.2,3.1,2.9,3.5,3.0,1,1,12.3,1,850,0.7,11.3,1.3,37.4,0.5,0.3,20.4,8,0.5,0.3,0.2,0,0,-1,0,0,2,2,0,0,300
94,72,女,23,硕士及以上,2.1,4.2,3.1,2.9,3.5,10.8,1,1,1.7,1,909,0.7,63.8,1.6,9.6,0.7,0.3,38.9,3,0.4,0.3,0.1,-1,0,-1,1,0,5,1,14,0,150
95,72,女,23,硕士及以上,2.1,4.2,3.1,2.9,3.5,9.9,1,1,8.9,1,822,0.8,49.9,0.8,16.8,0.8,0.2,17.1,4,0.7,0.3,0.3,0,0,-1,1,0,1,2,0,1,180
96,72,女,23,硕士及以上,2.1,4.2,3.1,2.9,3.5,9.6,1,1,14.5,1,1002,0.7,64.4,0.7,10.5,0.8,0.1,41.8,8,0.3,0.4,0.2,1,1,-1,1,1,5,2,2,0,300
97,72,女,23,硕士及以上,2.1,4.2,3.1,2.9,3.5,8.1,1,1,25.4,1,1239,0.9,16.7,24.8,63.9,0.8,0.4,40.9,4,0.1,0.3,0.3,0,1,1,0,1,2,2,2,0,180
98,72,女,23,硕士及以上,2.1,4.2,3.1,2.9,3.5,7.4,1,1,13.1,1,345,0.7,11.9,0.7,25.2,0.8,0.2,65.5,4,0.2,0.2,0.3,1,1,1,1,1,4,2,2,1,180
99,72,女,23,硕士及以上,2.1,4.2,3.1,2.9,3.5,18.6,1,1,6.0,1,915,0.7,38.6,19.1,10.5,0.8,0.4,45.6,6,0.1,0.4,0.1,1,1,-1,1,0,5,1,10,1,240
100,162,男,21,本科/专科,3.1,3.7,3.4,4.1,4.0,12.3,1,1,18.2,1,1676,0.8,61.7,6.5,112.4,0.7,0.5,13.7,4,0.2,0.2,0.6,1,1,1,1,0,2,5,6,0,180
101,162,男,21,本科/专科,3.1,3.7,3.4,4.1,4.0,22.2,1,1,16.4,1,1649,0.7,42.3,6.7,105.7,0.6,0.8,52.0,5,0.3,0.3,0.6,0,1,1,0,0,1,5,5,1,210
102,162,男,21,本科/专科,3.1,3.7,3.4,4.1,4.0,33.2,1,1,37.9,1,1404,0.9,71.3,7.2,110.6,0.7,0.7,34.3,1,0.1,0.2,0.5,0,1,0,0,1,2,0,2,1,90
103,162,男,21,本科/专科,3.1,3.7,3.4,4.1,4.0,20.7,0,1,41.3,1,1486,0.9,73.2,6.4,95.8,0.5,0.8,14.7,2,0.2,0.4,0.5,0,1,1,1,1,1,5,6,0,120
104,162,男,21,本科/专科,3.1,3.7,3.4,4.1,4.0,24.6,1,1,27.0,1,945,0.8,24.7,6.3,56.5,0.7,0.8,29.4,1,0.2,0.4,0.5,1,1,1,0,1,2,5,2,0,90
105,162,男,21,本科/专科,3.1,3.7,3.4,4.1,4.0,37.0,0,1,25.2,1,797,0.8,35.0,7.0,70.1,0.5,0.7,24.4,2,0.2,0.2,0.6,1,1,1,1,1,1,1,4,1,120
106,162,男,21,本科/专科,3.1,3.7,3.4,4.1,4.0,28.2,1,1,40.4,1,1413,0.8,61.1,9.0,101.2,0.4,0.6,24.6,2,0.3,0.2,0.4,1,1,0,1,0,2,2,3,0,120
107,162,男,21,本科/专科,3.1,3.7,3.4,4.1,4.0,22.3,1,1,21.3,1,1243,0.8,53.2,6.1,79.6,0.7,0.8,11.9,1,0.2,0.2,0.5,0,1,1,1,0,2,5,3,1,90
108,162,男,21,本科/专科,3.1,3.7,3.4,4.1,4.0,21.2,0,1,30.3,1,1523,1.0,41.3,7.4,65.7,0.7,0.6,15.0,1,0.2,0.4,0.6,0,1,1,1,1,1,5,3,1,90
109,162,男,21,本科/专科,3.1,3.7,3.4,4.1,4.0,32.6,1,1,32.8,1,1170,0.8,80.7,6.6,110.2,0.5,0.5,23.8,1,0.2,0.2,0.6,0,1,1,1,1,2,2,1,1,90
110,237,男,21,本科/专科,3.0,3.4,3.6,3.2,3.7,20.8,1,1,24.6,1,1265,0.6,89.2,2.7,116.5,0.8,0.5,42.2,10,0.5,0.1,0.4,-1,0,-1,1,1,1,3,4,1,360
111,237,男,21,本科/专科,3.0,3.4,3.6,3.2,3.7,34.7,0,1,32.3,1,914,0.5,72.6,4.0,136.2,0.8,0.4,41.8,7,0.6,0.1,0.4,1,1,0,1,1,1,3,5,1,270
112,237,男,21,本科/专科,3.0,3.4,3.6,3.2,3.7,39.6,1,1,35.4,1,1148,0.5,38.7,8.0,105.0,0.8,0.4,67.3,8,0.4,0.1,0.4,-1,1,0,0,1,5,3,7,0,300
113,237,男,21,本科/专科,3.0,3.4,3.6,3.2,3.7,40.6,1,1,41.5,1,576,0.8,59.0,3.5,113.1,0.6,0.4,44.9,10,0.5,0.1,0.5,-1,0,-1,1,0,5,2,3,0,360
114,237,男,21,本科/专科,3.0,3.4,3.6,3.2,3.7,36.7,1,1,41.3,1,1369,0.5,53.0,9.4,134.6,0.8,0.4,50.3,8,0.4,0.2,0.5,-1,1,-1,0,0,4,3,4,0,300
115,237,男,21,本科/专科,3.0,3.4,3.6,3.2,3.7,29.7,1,1,33.2,1,1244,0.8,55.9,4.9,94.4,0.8,0.6,48.1,7,0.4,0.1,0.4,0,0,-1,1,1,5,1,4,0,270
116,237,男,21,本科/专科,3.0,3.4,3.6,3.2,3.7,20.8,1,1,19.9,1,900,0.8,82.2,3.3,125.8,0.8,0.4,65.9,7,0.5,0.1,0.3,0,1,0,0,0,0,3,3,0,270
117,237,男,21,本科/专科,3.0,3.4,3.6,3.2,3.7,44.6,0,1,15.6,1,1233,0.5,33.8,19.2,105.0,0.8,0.5,84.9,7,0.4,0.1,0.4,0,0,-1,0,1,5,2,4,1,270
118,237,男,21,本科/专科,3.0,3.4,3.6,3.2,3.7,33.6,0,1,44.5,1,623,0.6,74.6,3.6,109.5,0.8,0.7,49.2,8,0.4,0.1,0.4,0,1,1,1,1,3,2,2,1,300
119,237,男,21,本科/专科,3.0,3.4,3.6,3.2,3.7,26.9,1,1,21.4,1,1195,0.6,48.0,2.9,80.6,0.8,0.7,96.0,8,0.4,0.1,0.3,0,1,0,0,0,1,3,3,0,300
120,77,女,26,硕士及以上,2.4,3.9,3.2,3.1,2.9,2.6,1,1,38.4,1,1379,0.7,33.5,24.4,46.1,0.8,0.5,28.0,6,0.3,0.0,0.4,1,1,-1,0,0,2,4,1,1,240
121,77,女,26,硕士及以上,2.4,3.9,3.2,3.1,2.9,22.9,1,1,25.1,1,990,0.5,58.2,1.8,96.5,0.8,0.4,33.4,3,0.1,0.0,0.3,1,0,-1,0,1,2,3,2,0,150
122,77,女,26,硕士及以上,2.4,3.9,3.2,3.1,2.9,23.7,1,1,43.8,1,565,0.5,63.6,13.3,94.6,0.6,0.5,23.7,6,0.1,0.3,0.4,1,1,0,1,0,1,4,2,1,240
123,77,女,26,硕士及以上,2.4,3.9,3.2,3.1,2.9,3.4,1,1,34.8,1,846,0.7,21.7,22.9,69.4,0.8,0.3,25.6,5,0.1,0.1,0.5,1,1,-1,0,0,2,3,6,1,210
124,77,女,26,硕士及以上,2.4,3.9,3.2,3.1,2.9,1.3,1,1,52.8,1,1186,0.5,33.4,19.0,76.9,0.8,0.3,73.4,7,0.2,0.1,0.4,0,0,-1,1,0,2,4,2,0,270
125,77,女,26,硕士及以上,2.4,3.9,3.2,3.1,2.9,20.6,1,1,37.1,1,1225,0.7,62.4,1.9,69.5,0.5,0.5,66.0,5,0.1,0.1,0.4,1,0,-1,0,1,2,3,1,1,210
126,77,女,26,硕士及以上,2.4,3.9,3.2,3.1,2.9,3.7,1,1,45.8,1,1405,0.7,67.9,12.0,70.2,0.8,0.5,48.6,7,0.2,0.1,0.4,1,0,-1,1,1,2,4,4,1,270
127,77,女,26,硕士及以上,2.4,3.9,3.2,3.1,2.9,3.0,1,1,42.5,1,853,0.5,36.5,2.1,87.4,0.8,0.3,26.6,8,0.0,0.0,0.5,1,1,0,0,0,1,4,4,0,300
128,77,女,26,硕士及以上,2.4,3.9,3.2,3.1,2.9,4.8,1,1,33.2,1,871,0.7,48.8,1.4,63.9,0.8,0.5,50.5,3,0.3,0.1,0.5,0,0,-1,0,0,2,4,2,0,150
129,77,女,26,硕士及以上,2.4,3.9,3.2,3.1,2.9,2.3,1,1,29.2,1,1107,0.4,20.3,1.5,87.0,0.7,0.5,35.9,3,0.1,0.0,0.3,0,1,-1,0,1,1,4,5,1,150
130,40,女,49,高中/中专/技校/职高,2.6,3.1,2.9,3.2,2.1,8.0,1,1,9.9,1,1152,0.7,11.2,0.8,38.9,0.7,0.2,80.3,4,0.1,0.1,0.1,1,1,1,0,1,2,5,2,1,180
131,40,女,49,高中/中专/技校/职高,2.6,3.1,2.9,3.2,2.1,8.1,1,1,10.8,1,342,0.7,33.9,0.7,55.6,0.7,0.2,65.8,15,0.0,0.1,0.1,1,1,0,1,1,1,1,1,0,510
132,40,女,49,高中/中专/技校/职高,2.6,3.1,2.9,3.2,2.1,20.5,1,1,8.3,1,606,1.0,58.7,3.2,38.1,0.9,0.2,73.3,4,0.1,0.3,0.2,-1,1,1,1,0,2,1,2,1,180
133,40,女,49,高中/中专/技校/职高,2.6,3.1,2.9,3.2,2.1,22.1,1,1,10.2,1,673,0.9,23.1,1.5,26.2,0.8,0.3,53.3,11,0.1,0.1,0.2,1,1,0,1,1,2,5,5,0,390
134,40,女,49,高中/中专/技校/职高,2.6,3.1,2.9,3.2,2.1,4.8,1,1,7.6,1,689,0.8,13.7,0.2,37.8,0.9,0.4,101.2,12,0.1,0.1,0.2,1,1,1,0,0,2,5,1,0,420
135,40,女,49,高中/中专/技校/职高,2.6,3.1,2.9,3.2,2.1,13.8,1,1,10.8,1,395,0.7,46.5,9.8,9.5,0.9,0.2,54.8,7,0.1,0.1,0.2,1,1,1,1,1,2,1,3,1,270
136,40,女,49,高中/中专/技校/职高,2.6,3.1,2.9,3.2,2.1,13.0,1,1,27.7,1,1218,0.9,44.9,22.5,39.2,0.9,0.2,90.0,2,0.1,0.4,0.1,0,1,1,1,1,2,5,2,0,120
137,40,女,49,高中/中专/技校/职高,2.6,3.1,2.9,3.2,2.1,22.2,1,1,10.7,1,1057,0.8,30.7,1.2,47.7,0.9,0.2,52.9,16,0.2,0.3,0.2,-1,1,1,0,1,2,4,7,0,540
138,40,女,49,高中/中专/技校/职高,2.6,3.1,2.9,3.2,2.1,5.5,1,1,22.5,1,1095,0.7,16.4,0.9,47.4,0.7,0.3,53.6,16,0.1,0.1,0.1,-1,1,1,0,0,2,5,3,0,540
139,40,女,49,高中/中专/技校/职高,2.6,3.1,2.9,3.2,2.1,27.0,1,1,24.6,1,450,0.8,58.0,9.4,67.5,0.7,0.2,52.4,12,0.3,0.3,0.1,1,1,0,1,1,2,3,1,1,420
140,226,女,23,本科/专科,3.8,3.9,3.3,3.2,3.9,17.5,1,2,19.9,1,1913,0.6,67.2,0.7,81.3,0.6,0.5,39.9,8,0.1,0.1,0.5,1,1,1,1,0,1,2,1,1,300
141,226,女,23,本科/专科,3.8,3.9,3.3,3.2,3.9,11.1,1,1,22.4,1,1901,0.7,91.6,0.9,69.8,0.5,0.7,57.8,8,0.2,0.1,0.3,1,1,0,0,1,2,2,2,1,300
142,226,女,23,本科/专科,3.8,3.9,3.3,3.2,3.9,10.1,1,1,41.9,1,1279,0.6,88.1,1.3,83.6,0.6,0.7,79.5,10,0.2,0.1,0.5,1,1,1,0,1,1,2,6,0,360
143,226,女,23,本科/专科,3.8,3.9,3.3,3.2,3.9,32.4,1,1,32.5,1,1295,0.8,97.9,1.3,81.7,0.8,0.7,40.7,11,0.1,0.2,0.3,1,1,1,0,1,2,2,5,1,390
144,226,女,23,本科/专科,3.8,3.9,3.3,3.2,3.9,34.8,1,2,19.0,1,1350,0.7,106.9,0.7,103.1,0.8,0.5,89.4,12,0.2,0.1,0.4,1,1,1,1,1,2,1,2,1,420
145,226,女,23,本科/专科,3.8,3.9,3.3,3.2,3.9,37.0,1,2,28.5,1,1876,0.6,103.3,0.8,69.3,0.7,0.5,48.4,11,0.1,0.1,0.5,0,1,1,1,1,2,2,6,0,390
146,226,女,23,本科/专科,3.8,3.9,3.3,3.2,3.9,27.1,1,2,37.2,1,1982,0.7,91.1,1.2,49.0,0.8,0.6,64.0,8,0.3,0.3,0.5,0,1,1,0,1,1,2,2,0,300
147,226,女,23,本科/专科,3.8,3.9,3.3,3.2,3.9,27.6,1,2,43.5,1,1507,0.7,103.0,0.4,77.2,0.8,0.7,50.8,8,0.2,0.3,0.4,0,1,0,1,1,2,2,1,1,300
148,226,女,23,本科/专科,3.8,3.9,3.3,3.2,3.9,11.4,1,2,19.0,1,1817,0.7,54.6,1.1,105.1,0.8,0.5,49.4,9,0.2,0.4,0.4,0,1,1,1,1,2,1,5,1,330
149,226,女,23,本科/专科,3.8,3.9,3.3,3.2,3.9,35.6,1,2,25.8,1,1110,0.8,53.9,6.2,52.1,0.8,0.6,92.8,11,0.1,0.1,0.4,0,1,0,1,0,2,2,2,1,390
150,84,女,23,本科/专科,3.2,4.4,3.4,2.4,4.1,7.9,1,1,46.0,1,1808,0.8,160.3,1.5,121.9,0.5,0.4,21.3,1,0.1,0.0,0.3,0,1,0,0,1,1,5,5,0,90
151,84,女,23,本科/专科,3.2,4.4,3.4,2.4,4.1,15.4,1,1,35.9,1,2158,0.7,134.9,1.5,109.4,0.7,0.3,59.2,2,0.2,0.1,0.4,1,0,-1,0,1,5,0,1,1,120
152,84,女,23,本科/专科,3.2,4.4,3.4,2.4,4.1,29.7,1,1,44.3,1,2099,0.8,112.4,0.9,118.7,0.7,0.5,35.9,2,0.1,0.1,0.3,1,1,0,0,1,2,4,1,1,120
153,84,女,23,本科/专科,3.2,4.4,3.4,2.4,4.1,21.5,1,1,39.3,1,2166,0.7,122.2,1.2,109.4,0.7,0.5,79.7,1,0.1,0.1,0.3,1,1,-1,1,1,0,3,5,0,90
154,84,女,23,本科/专科,3.2,4.4,3.4,2.4,4.1,15.4,1,1,48.1,1,1419,0.6,142.8,24.0,125.9,0.5,0.4,64.9,3,0.1,0.0,0.4,1,0,-1,1,1,4,5,7,1,150
155,84,女,23,本科/专科,3.2,4.4,3.4,2.4,4.1,3.0,1,1,38.2,1,1679,0.5,141.7,1.1,103.9,0.7,0.4,28.8,5,0.1,0.1,0.4,1,0,-1,1,1,4,4,1,1,210
156,84,女,23,本科/专科,3.2,4.4,3.4,2.4,4.1,4.4,1,1,24.1,1,2166,0.6,147.8,1.4,106.4,0.7,0.5,62.8,1,0.1,0.1,0.2,1,1,1,0,1,5,2,3,1,90
157,84,女,23,本科/专科,3.2,4.4,3.4,2.4,4.1,12.8,1,1,45.8,1,1980,0.7,163.8,1.3,105.8,0.7,0.5,57.9,3,0.1,0.0,0.3,1,1,-1,1,1,5,5,5,0,150
158,84,女,23,本科/专科,3.2,4.4,3.4,2.4,4.1,3.0,1,1,20.4,1,1769,0.5,112.8,2.0,129.9,0.6,0.4,66.7,6,0.3,0.1,0.4,1,1,-1,1,0,5,3,5,1,240
159,84,女,23,本科/专科,3.2,4.4,3.4,2.4,4.1,17.5,1,1,44.2,1,1995,0.8,125.9,1.4,146.2,0.6,0.4,35.6,5,0.1,0.1,0.3,1,1,-1,0,0,5,5,2,0,210
160,82,女,48,高中/中专/技校/职高,4.8,4.8,4.6,2.9,2.9,6.8,1,2,4.1,1,792,0.3,43.9,4.4,36.1,0.8,0.7,48.0,12,0.1,0.5,0.5,0,1,1,1,0,2,3,2,0,420
161,82,女,48,高中/中专/技校/职高,4.8,4.8,4.6,2.9,2.9,26.1,1,2,29.3,1,577,0.5,2.4,4.1,50.8,0.9,0.7,31.7,16,0.1,0.2,0.5,1,1,1,1,0,1,2,2,0,540
162,82,女,48,高中/中专/技校/职高,4.8,4.8,4.6,2.9,2.9,6.6,1,1,13.8,1,1074,0.3,44.5,5.5,31.8,0.9,0.4,81.0,4,0.1,0.2,0.5,0,1,1,0,0,1,2,14,1,180
163,82,女,48,高中/中专/技校/职高,4.8,4.8,4.6,2.9,2.9,6.4,1,2,5.2,1,236,0.3,37.5,21.4,64.9,0.9,0.7,43.1,8,0.2,0.2,0.6,1,1,0,0,0,1,2,4,0,300
164,82,女,48,高中/中专/技校/职高,4.8,4.8,4.6,2.9,2.9,22.2,1,2,6.3,1,873,0.6,6.5,4.5,35.3,0.6,0.7,33.8,10,0.2,0.3,0.5,0,1,1,0,1,1,1,14,1,360
165,82,女,48,高中/中专/技校/职高,4.8,4.8,4.6,2.9,2.9,3.4,1,2,14.7,1,443,0.5,55.9,14.4,35.7,0.9,0.7,48.7,2,0.1,0.3,0.5,1,1,0,1,1,2,3,0,0,120
166,82,女,48,高中/中专/技校/职高,4.8,4.8,4.6,2.9,2.9,5.6,1,2,1.6,1,901,0.3,18.1,4.5,35.2,0.9,0.7,34.3,2,0.1,0.2,0.6,-1,1,0,0,1,2,3,13,0,120
167,82,女,48,高中/中专/技校/职高,4.8,4.8,4.6,2.9,2.9,8.0,1,2,1.6,1,781,0.4,26.9,4.2,59.6,0.9,0.7,29.8,13,0.1,0.3,0.6,1,1,1,1,0,2,2,10,1,450
168,82,女,48,高中/中专/技校/职高,4.8,4.8,4.6,2.9,2.9,28.8,1,2,25.8,1,848,0.5,27.9,5.0,42.1,0.8,0.5,66.0,8,0.2,0.2,0.6,0,1,1,1,0,1,3,2,1,300
169,82,女,48,高中/中专/技校/职高,4.8,4.8,4.6,2.9,2.9,18.1,1,1,8.8,1,494,0.4,49.7,5.3,44.9,0.6,0.7,37.4,11,0.3,0.2,0.6,1,1,1,0,0,2,3,16,1,390
170,35,男,37,高中/中专/技校/职高,2.9,4.0,4.2,2.9,4.0,31.1,1,1,16.0,1,622,0.6,52.9,3.7,31.0,0.7,0.6,36.0,18,0.1,0.1,0.5,1,1,0,0,1,1,1,1,1,600
171,35,男,37,高中/中专/技校/职高,2.9,4.0,4.2,2.9,4.0,14.5,1,1,26.1,1,235,0.3,22.1,4.0,36.0,0.9,0.4,37.0,11,0.2,0.2,0.6,0,1,0,0,0,2,2,2,1,390
172,35,男,37,高中/中专/技校/职高,2.9,4.0,4.2,2.9,4.0,11.0,1,1,36.0,1,749,0.4,35.3,3.3,14.5,0.8,0.6,53.6,8,0.2,0.2,0.5,1,1,1,1,0,2,2,6,0,300
173,35,男,37,高中/中专/技校/职高,2.9,4.0,4.2,2.9,4.0,14.8,1,1,6.7,1,612,0.4,44.8,3.3,37.4,0.8,0.4,84.3,5,0.2,0.2,0.6,0,1,1,1,0,2,2,1,0,210
174,35,男,37,高中/中专/技校/职高,2.9,4.0,4.2,2.9,4.0,11.8,1,1,22.8,1,959,0.6,33.5,3.8,10.0,0.9,0.6,35.5,4,0.1,0.2,0.4,0,1,1,0,0,2,2,3,0,180
175,35,男,37,高中/中专/技校/职高,2.9,4.0,4.2,2.9,4.0,30.4,1,1,21.6,1,595,0.5,36.0,4.1,35.0,0.6,0.7,67.0,10,0.3,0.3,0.5,1,1,1,0,0,1,2,3,0,360
176,35,男,37,高中/中专/技校/职高,2.9,4.0,4.2,2.9,4.0,13.7,1,1,12.2,1,836,0.4,6.6,17.9,33.3,0.8,0.7,60.6,3,0.2,0.2,0.6,1,1,0,0,0,2,2,6,1,150
177,35,男,37,高中/中专/技校/职高,2.9,4.0,4.2,2.9,4.0,12.1,1,1,17.9,1,656,0.4,13.3,3.7,32.7,0.8,0.4,33.4,9,0.1,0.1,0.6,0,1,1,0,1,2,1,2,1,330
178,35,男,37,高中/中专/技校/职高,2.9,4.0,4.2,2.9,4.0,13.9,1,1,14.7,1,159,0.4,14.3,2.9,10.4,0.8,0.6,39.3,2,0.4,0.1,0.6,1,1,0,0,1,1,2,2,1,120
179,35,男,37,高中/中专/技校/职高,2.9,4.0,4.2,2.9,4.0,8.9,1,1,29.6,1,960,0.3,33.1,3.8,34.5,0.8,0.6,46.9,18,0.1,0.2,0.5,1,1,1,0,1,1,2,2,0,600
180,230,女,21,本科/专科,4.6,4.2,3.1,2.9,4.5,37.4,1,2,27.9,1,1432,1.0,103.4,3.4,47.5,0.8,0.6,54.7,8,0.2,0.2,0.2,0,1,0,1,1,3,2,1,1,300
181,230,女,21,本科/专科,4.6,4.2,3.1,2.9,4.5,32.8,1,2,25.5,1,1884,0.7,127.2,3.3,78.4,0.8,0.5,50.9,8,0.3,0.2,0.4,1,1,1,1,1,5,2,0,1,300
182,230,女,21,本科/专科,4.6,4.2,3.1,2.9,4.5,14.9,1,2,38.0,1,1920,0.8,89.8,14.6,41.9,0.6,0.5,22.1,8,0.4,0.2,0.3,1,1,1,1,1,1,2,1,1,300
183,230,女,21,本科/专科,4.6,4.2,3.1,2.9,4.5,12.9,1,1,34.6,1,1069,1.0,110.7,3.4,54.4,0.8,0.4,18.6,10,0.2,0.2,0.3,1,1,1,1,1,5,2,5,1,360
184,230,女,21,本科/专科,4.6,4.2,3.1,2.9,4.5,11.2,1,2,41.2,1,1730,0.9,121.0,19.9,26.7,0.6,0.5,16.9,8,0.3,0.2,0.3,1,1,0,1,1,5,2,0,1,300
185,230,女,21,本科/专科,4.6,4.2,3.1,2.9,4.5,38.8,1,2,16.8,1,1776,0.7,122.0,3.2,44.2,0.8,0.5,16.3,12,0.1,0.2,0.2,1,1,1,1,1,4,2,0,1,420
186,230,女,21,本科/专科,4.6,4.2,3.1,2.9,4.5,13.5,1,2,16.9,1,1791,0.9,130.8,3.9,73.1,0.8,0.4,24.8,8,0.2,0.2,0.3,1,1,1,1,1,2,2,1,1,300
187,230,女,21,本科/专科,4.6,4.2,3.1,2.9,4.5,19.3,1,1,20.6,1,1863,0.7,97.0,3.5,28.6,0.6,0.5,48.0,7,0.1,0.2,0.4,1,1,0,1,1,5,1,0,1,270
188,230,女,21,本科/专科,4.6,4.2,3.1,2.9,4.5,15.8,1,2,23.8,1,1773,0.9,132.5,3.6,54.7,0.8,0.4,19.8,7,0.1,0.2,0.3,1,1,0,0,1,5,1,1,1,270
189,230,女,21,本科/专科,4.6,4.2,3.1,2.9,4.5,36.0,1,1,17.4,1,1893,1.0,129.1,28.1,56.1,0.8,0.6,20.5,8,0.3,0.2,0.4,1,1,1,0,1,5,1,3,1,300
190,170,女,21,本科/专科,3.1,4.2,3.7,2.9,3.2,6.9,1,2,42.5,1,728,0.7,63.4,5.8,112.3,0.9,0.6,29.6,10,0.3,0.4,0.3,0,1,0,0,0,0,2,2,1,360
191,170,女,21,本科/专科,3.1,4.2,3.7,2.9,3.2,11.1,1,2,22.2,1,1511,0.5,61.5,6.6,112.6,0.9,0.5,29.1,8,0.3,0.2,0.4,-1,1,1,1,1,4,3,1,1,300
192,170,女,21,本科/专科,3.1,4.2,3.7,2.9,3.2,31.9,1,1,34.2,1,1530,0.7,81.3,18.2,94.9,0.9,0.7,39.9,9,0.2,0.3,0.2,-1,1,1,1,0,0,2,2,0,330
193,170,女,21,本科/专科,3.1,4.2,3.7,2.9,3.2,16.3,1,2,24.7,1,1467,0.8,98.8,6.3,96.9,0.9,0.7,56.6,9,0.2,0.1,0.4,0,1,0,0,1,5,3,4,1,330
194,170,女,21,本科/专科,3.1,4.2,3.7,2.9,3.2,11.7,1,2,18.3,1,878,0.6,99.2,5.4,110.1,0.9,0.5,15.2,9,0.4,0.1,0.3,0,1,0,0,1,5,3,2,0,330
195,170,女,21,本科/专科,3.1,4.2,3.7,2.9,3.2,12.9,1,2,23.4,1,1352,0.5,67.1,5.7,77.4,0.9,0.7,50.9,8,0.4,0.1,0.4,0,1,1,1,1,0,3,1,0,300
196,170,女,21,本科/专科,3.1,4.2,3.7,2.9,3.2,8.4,1,1,23.0,1,1363,0.7,95.5,5.3,89.1,0.9,0.7,27.9,10,0.2,0.1,0.4,-1,1,1,1,0,5,1,4,0,360
197,170,女,21,本科/专科,3.1,4.2,3.7,2.9,3.2,14.2,1,1,33.4,1,768,0.5,87.5,11.6,107.3,0.9,0.5,44.9,9,0.3,0.2,0.4,0,1,1,1,0,5,2,6,1,330
198,170,女,21,本科/专科,3.1,4.2,3.7,2.9,3.2,20.4,1,2,39.8,1,1403,0.5,75.5,5.9,66.0,0.9,0.7,14.1,7,0.4,0.1,0.4,0,1,0,0,1,3,2,1,0,270
199,170,女,21,本科/专科,3.1,4.2,3.7,2.9,3.2,28.3,1,2,40.9,1,1101,0.5,99.9,5.8,66.8,0.8,0.6,30.3,7,0.2,0.4,0.3,-1,1,1,0,0,4,1,2,1,270
200,244,男,24,硕士及以上,3.4,4.0,3.8,2.0,3.2,32.2,1,1,35.8,1,840,0.8,95.9,0.9,83.9,0.7,0.3,9.4,5,0.3,0.7,0.3,0,1,0,1,0,5,2,2,0,210
201,244,男,24,硕士及以上,3.4,4.0,3.8,2.0,3.2,19.6,1,1,39.6,1,1634,0.9,95.5,1.4,79.7,0.7,0.4,15.2,9,0.3,0.4,0.3,0,1,1,1,0,5,1,1,1,330
202,244,男,24,硕士及以上,3.4,4.0,3.8,2.0,3.2,9.0,1,1,39.2,1,1284,0.6,93.3,1.6,39.2,0.7,0.3,31.7,8,0.3,0.4,0.3,1,1,1,1,0,5,1,2,1,300
203,244,男,24,硕士及以上,3.4,4.0,3.8,2.0,3.2,19.5,1,1,20.7,1,1736,0.6,78.3,9.6,55.8,0.7,0.2,23.7,5,0.3,0.5,0.2,1,1,1,0,1,5,2,2,0,210
204,244,男,24,硕士及以上,3.4,4.0,3.8,2.0,3.2,10.1,1,1,31.5,1,1636,0.7,86.2,1.3,81.6,0.6,0.2,12.5,11,0.3,0.4,0.3,1,1,1,1,1,5,1,3,0,390
205,244,男,24,硕士及以上,3.4,4.0,3.8,2.0,3.2,16.1,1,1,19.1,1,842,0.8,104.6,1.0,61.2,0.6,0.2,14.9,5,0.2,0.5,0.3,0,1,1,0,1,2,2,5,1,210
206,244,男,24,硕士及以上,3.4,4.0,3.8,2.0,3.2,18.9,1,1,27.1,1,1184,0.8,75.8,6.6,96.8,0.6,0.4,15.8,5,0.3,0.5,0.2,-1,1,1,1,0,4,2,1,1,210
207,244,男,24,硕士及以上,3.4,4.0,3.8,2.0,3.2,6.7,1,1,40.8,1,1651,0.8,88.1,1.6,61.0,0.5,0.5,11.0,8,0.3,0.5,0.3,0,1,1,1,0,4,2,1,0,300
208,244,男,24,硕士及以上,3.4,4.0,3.8,2.0,3.2,24.9,1,1,20.7,1,1613,0.7,75.8,8.9,57.9,0.7,0.3,16.4,5,0.3,0.5,0.3,1,1,0,1,0,0,1,4,1,210
209,244,男,24,硕士及以上,3.4,4.0,3.8,2.0,3.2,17.8,1,1,40.6,1,1727,0.8,69.2,1.3,97.0,0.6,0.2,61.9,10,0.3,0.5,0.2,0,1,1,1,1,0,2,1,0,360
210,148,男,22,本科/专科,3.1,3.3,4.1,2.9,2.3,29.3,0,1,32.7,1,1566,0.5,64.2,19.4,81.2,0.7,0.5,75.8,10,0.4,0.1,0.4,0,0,-1,0,0,2,5,4,0,360
211,148,男,22,本科/专科,3.1,3.3,4.1,2.9,2.3,7.5,0,1,17.3,1,1157,0.8,45.5,1.5,91.3,0.8,0.6,45.6,6,0.4,0.2,0.4,0,0,-1,1,1,1,5,5,0,240
212,148,男,22,本科/专科,3.1,3.3,4.1,2.9,2.3,19.0,1,1,41.6,1,1497,0.8,80.5,1.1,85.9,0.7,0.6,20.3,8,0.4,0.1,0.3,-1,1,-1,1,1,2,5,6,1,300
213,148,男,22,本科/专科,3.1,3.3,4.1,2.9,2.3,9.3,0,1,17.8,1,908,0.8,68.7,9.5,86.6,0.6,0.6,51.6,5,0.4,0.1,0.4,-1,0,-1,0,0,2,5,1,0,210
214,148,男,22,本科/专科,3.1,3.3,4.1,2.9,2.3,25.4,1,1,21.7,1,997,0.8,33.7,1.9,115.0,0.6,0.4,25.0,10,0.6,0.2,0.4,0,1,0,1,1,2,0,5,0,360
215,148,男,22,本科/专科,3.1,3.3,4.1,2.9,2.3,4.7,1,1,17.4,1,694,0.7,47.1,0.8,103.5,0.8,0.4,20.4,8,0.4,0.1,0.4,-1,0,-1,0,1,2,2,2,0,300
216,148,男,22,本科/专科,3.1,3.3,4.1,2.9,2.3,14.6,1,1,22.9,1,1483,0.5,45.9,1.2,99.1,0.7,0.6,45.2,7,0.6,0.1,0.4,0,1,1,0,0,2,2,2,0,270
217,148,男,22,本科/专科,3.1,3.3,4.1,2.9,2.3,10.8,0,1,24.1,1,1427,0.5,86.0,2.0,114.7,0.8,0.6,18.7,9,0.4,0.3,0.3,0,1,1,0,1,1,1,3,0,330
218,148,男,22,本科/专科,3.1,3.3,4.1,2.9,2.3,7.3,0,1,19.7,1,1441,0.8,54.1,27.4,107.8,0.7,0.7,61.2,9,0.3,0.1,0.4,-1,1,1,1,0,1,1,2,1,330
219,148,男,22,本科/专科,3.1,3.3,4.1,2.9,2.3,24.9,1,1,32.2,1,839,0.6,41.6,1.5,87.0,0.8,0.4,42.2,11,0.3,0.1,0.2,-1,0,-1,0,0,2,0,1,1,390
220,139,男,23,本科/专科,2.2,3.6,3.1,3.0,3.8,19.7,1,1,17.7,1,220,0.5,64.6,4.6,102.3,0.8,0.7,25.6,6,0.2,0.1,0.4,-1,1,1,0,0,2,1,1,1,240
221,139,男,23,本科/专科,2.2,3.6,3.1,3.0,3.8,15.9,1,1,28.2,1,675,0.5,62.0,4.1,89.3,0.8,0.6,33.9,6,0.2,0.1,0.3,-1,1,1,1,0,5,2,2,1,240
222,139,男,23,本科/专科,2.2,3.6,3.1,3.0,3.8,23.4,1,1,31.0,1,963,0.5,36.8,4.2,86.9,0.8,0.6,50.0,6,0.2,0.1,0.3,0,1,0,1,0,0,2,3,1,240
223,139,男,23,本科/专科,2.2,3.6,3.1,3.0,3.8,11.5,0,1,20.0,1,262,0.5,58.9,4.2,68.2,0.8,0.8,81.4,10,0.2,0.1,0.2,-1,1,1,0,1,5,2,1,0,360
224,139,男,23,本科/专科,2.2,3.6,3.1,3.0,3.8,13.5,1,1,36.6,1,661,0.6,51.9,4.9,84.6,0.5,0.6,30.5,6,0.2,0.1,0.4,0,1,0,0,0,0,1,2,0,240
225,139,男,23,本科/专科,2.2,3.6,3.1,3.0,3.8,30.9,0,1,20.7,1,1050,0.7,54.3,32.9,118.8,0.8,0.8,27.6,6,0.2,0.2,0.4,1,1,1,1,1,3,2,1,0,240
226,139,男,23,本科/专科,2.2,3.6,3.1,3.0,3.8,7.9,1,1,12.3,1,979,0.6,50.4,4.4,83.9,0.8,0.6,28.1,6,0.2,0.2,0.4,1,1,1,1,1,3,1,4,1,240
227,139,男,23,本科/专科,2.2,3.6,3.1,3.0,3.8,35.8,1,1,32.3,1,699,0.7,37.2,33.3,105.8,0.8,0.7,42.4,6,0.2,0.1,0.4,1,1,1,0,1,5,1,1,0,240
228,139,男,23,本科/专科,2.2,3.6,3.1,3.0,3.8,34.5,0,1,30.7,1,1091,0.5,34.5,4.0,97.9,0.8,0.6,44.4,11,0.2,0.1,0.4,1,1,1,0,1,1,1,2,0,390
229,139,男,23,本科/专科,2.2,3.6,3.1,3.0,3.8,26.8,0,1,12.0,1,932,0.5,30.3,4.4,115.9,0.8,0.6,48.5,6,0.1,0.1,0.4,1,1,0,0,1,5,2,1,1,240
230,81,男,27,本科/专科,3.2,3.1,2.6,2.9,3.2,7.4,0,1,33.9,1,1704,0.8,119.1,1.3,61.1,0.7,0.4,40.4,6,0.2,0.0,0.4,1,0,-1,0,2,5,2,3,1,240
231,81,男,27,本科/专科,3.2,3.1,2.6,2.9,3.2,6.6,1,1,53.7,1,1419,0.7,97.5,1.0,35.2,0.5,0.5,91.9,2,0.1,0.0,0.4,1,1,0,0,2,0,1,7,1,120
232,81,男,27,本科/专科,3.2,3.1,2.6,2.9,3.2,3.7,0,1,45.8,1,1053,0.6,69.7,1.4,34.5,0.5,0.4,45.9,7,0.2,0.0,0.4,1,1,1,0,2,1,1,6,1,270
233,81,男,27,本科/专科,3.2,3.1,2.6,2.9,3.2,8.4,0,1,57.2,1,1719,0.8,96.2,1.7,67.1,0.8,0.3,58.1,6,0.2,0.3,0.3,1,0,-1,0,2,1,1,5,1,240
234,81,男,27,本科/专科,3.2,3.1,2.6,2.9,3.2,7.2,1,1,28.5,1,1464,0.8,104.5,1.1,52.6,0.8,0.4,51.7,2,0.1,0.0,0.3,1,1,-1,0,2,4,2,6,1,120
235,81,男,27,本科/专科,3.2,3.1,2.6,2.9,3.2,24.0,0,1,33.3,1,1793,0.8,107.2,1.4,45.3,0.7,0.4,35.0,6,0.1,0.0,0.3,1,0,-1,0,2,5,2,3,1,240
236,81,男,27,本科/专科,3.2,3.1,2.6,2.9,3.2,24.1,1,1,31.7,1,1705,0.7,120.1,1.3,60.5,0.6,0.5,88.6,3,0.1,0.0,0.3,0,1,0,1,2,5,2,7,1,150
237,81,男,27,本科/专科,3.2,3.1,2.6,2.9,3.2,9.1,0,1,39.2,1,1705,0.7,108.5,1.5,36.5,0.7,0.3,58.4,2,0.1,0.2,0.4,1,1,1,0,2,3,2,8,1,120
238,81,男,27,本科/专科,3.2,3.1,2.6,2.9,3.2,11.6,0,1,50.1,1,1415,0.6,102.3,2.0,58.3,0.6,0.4,86.4,2,0.1,0.3,0.2,1,1,0,1,2,3,1,4,1,120
239,81,男,27,本科/专科,3.2,3.1,2.6,2.9,3.2,4.2,0,1,32.9,1,1529,0.6,90.0,2.0,60.1,0.7,0.4,45.0,2,0.2,0.3,0.4,1,0,-1,0,2,4,2,8,1,120
240,227,女,25,硕士及以上,3.1,2.7,3.3,2.4,3.7,14.8,0,1,23.7,1,855,0.8,78.2,3.5,67.7,0.8,0.4,98.6,4,0.2,0.2,0.4,-1,1,0,0,1,3,1,0,0,180
241,227,女,25,硕士及以上,3.1,2.7,3.3,2.4,3.7,19.1,1,1,25.4,1,1213,0.8,66.2,26.1,76.7,0.6,0.4,45.1,4,0.2,0.2,0.4,0,0,-1,1,0,5,2,2,1,180
242,227,女,25,硕士及以上,3.1,2.7,3.3,2.4,3.7,12.7,0,1,34.5,1,708,0.7,52.6,3.2,62.5,0.8,0.6,66.9,5,0.2,0.1,0.4,-1,0,-1,1,0,2,3,17,0,210
243,227,女,25,硕士及以上,3.1,2.7,3.3,2.4,3.7,7.3,1,1,39.3,1,1453,0.7,64.8,29.7,64.8,0.8,0.6,57.1,6,0.2,0.1,0.4,-1,1,-1,1,1,5,3,2,1,240
244,227,女,25,硕士及以上,3.1,2.7,3.3,2.4,3.7,30.3,0,1,38.8,1,597,0.6,48.9,3.3,83.0,0.7,0.6,47.6,4,0.2,0.1,0.4,-1,0,-1,1,1,5,3,18,1,180
245,227,女,25,硕士及以上,3.1,2.7,3.3,2.4,3.7,19.9,0,1,17.6,1,885,0.7,41.3,3.4,70.5,0.5,0.4,46.7,6,0.1,0.1,0.3,-1,1,-1,1,0,4,3,10,0,240
246,227,女,25,硕士及以上,3.1,2.7,3.3,2.4,3.7,36.5,0,1,36.0,1,1338,0.6,76.8,9.4,88.5,0.7,0.5,43.3,4,0.3,0.1,0.4,-1,0,-1,1,1,1,3,16,0,180
247,227,女,25,硕士及以上,3.1,2.7,3.3,2.4,3.7,35.0,1,1,34.6,1,982,0.6,26.9,3.8,42.8,0.7,0.5,74.0,5,0.2,0.2,0.4,-1,0,-1,1,1,3,3,4,0,210
248,227,女,25,硕士及以上,3.1,2.7,3.3,2.4,3.7,9.7,1,1,39.8,1,1331,0.7,72.0,3.8,60.6,0.8,0.4,67.3,4,0.1,0.3,0.5,0,0,-1,0,1,0,3,8,1,180
249,227,女,25,硕士及以上,3.1,2.7,3.3,2.4,3.7,8.7,1,1,15.8,1,1209,0.8,55.9,3.7,43.5,0.8,0.4,65.7,7,0.1,0.1,0.3,-1,1,-1,0,1,4,1,9,0,270
250,200,男,60,高中/中专/技校/职高,3.6,4.3,3.7,2.4,4.0,23.3,1,2,22.9,1,1994,0.9,70.9,3.6,80.0,0.7,0.4,15.1,5,0.4,0.1,0.4,0,1,1,1,0,5,2,16,0,210
251,200,男,60,高中/中专/技校/职高,3.6,4.3,3.7,2.4,4.0,14.6,1,1,24.5,1,1526,0.8,88.3,2.6,85.1,0.7,0.3,7.6,8,0.1,0.1,0.2,0,1,1,1,0,5,2,13,1,300
252,200,男,60,高中/中专/技校/职高,3.6,4.3,3.7,2.4,4.0,24.3,1,1,19.6,1,1832,0.7,78.1,9.7,87.8,0.7,0.5,10.4,4,0.2,0.1,0.3,1,1,1,1,1,1,2,0,1,180
253,200,男,60,高中/中专/技校/职高,3.6,4.3,3.7,2.4,4.0,22.0,1,2,30.0,1,1762,0.7,87.3,3.0,91.8,0.7,0.3,34.5,3,0.2,0.1,0.3,0,1,1,1,0,0,2,15,1,150
254,200,男,60,高中/中专/技校/职高,3.6,4.3,3.7,2.4,4.0,25.1,1,1,25.8,1,1622,0.7,65.7,2.6,61.5,0.7,0.3,14.0,6,0.1,0.1,0.4,0,1,1,0,0,0,1,0,0,240
255,200,男,60,高中/中专/技校/职高,3.6,4.3,3.7,2.4,4.0,9.9,1,2,30.2,1,2041,0.7,63.1,2.5,71.8,0.7,0.5,13.8,8,0.2,0.1,0.3,1,1,0,0,0,5,1,9,0,300
256,200,男,60,高中/中专/技校/职高,3.6,4.3,3.7,2.4,4.0,21.1,1,2,26.2,1,1200,0.8,94.7,2.6,79.3,0.7,0.4,17.0,8,0.1,0.1,0.3,1,1,1,1,0,4,2,4,1,300
257,200,男,60,高中/中专/技校/职高,3.6,4.3,3.7,2.4,4.0,10.2,1,1,25.5,1,1605,0.8,73.9,31.0,108.1,0.7,0.3,19.8,4,0.2,0.1,0.4,0,1,0,0,0,5,2,2,0,180
258,200,男,60,高中/中专/技校/职高,3.6,4.3,3.7,2.4,4.0,17.5,1,2,32.8,1,1517,0.7,82.8,3.3,90.1,0.6,0.3,18.2,3,0.2,0.2,0.3,0,1,1,1,1,3,2,3,0,150
259,200,男,60,高中/中专/技校/职高,3.6,4.3,3.7,2.4,4.0,11.7,1,2,25.5,1,1620,0.7,83.5,2.6,71.8,0.7,0.3,24.3,3,0.4,0.1,0.3,0,1,1,1,1,5,2,14,0,150
260,213,男,26,本科/专科,3.8,4.8,3.6,3.5,4.3,14.4,1,1,42.5,1,1517,0.5,87.9,2.8,65.5,0.7,0.5,61.1,8,0.2,0.2,0.4,1,1,0,1,1,2,1,2,1,300
261,213,男,26,本科/专科,3.8,4.8,3.6,3.5,4.3,34.6,1,1,37.0,1,929,0.6,72.2,3.5,52.2,0.8,0.6,37.6,3,0.2,0.1,0.4,0,1,0,1,1,2,2,2,1,150
262,213,男,26,本科/专科,3.8,4.8,3.6,3.5,4.3,17.7,1,1,44.5,1,1524,0.7,67.0,26.5,41.1,0.8,0.5,28.1,3,0.2,0.1,0.3,1,1,0,1,1,2,1,5,1,150
263,213,男,26,本科/专科,3.8,4.8,3.6,3.5,4.3,28.6,1,1,35.0,1,1762,0.8,88.9,2.5,39.5,0.8,0.6,29.2,3,0.1,0.4,0.3,0,1,1,0,1,1,2,2,1,150
264,213,男,26,本科/专科,3.8,4.8,3.6,3.5,4.3,14.4,1,1,37.5,1,1755,0.5,94.5,2.7,67.4,0.8,0.6,28.5,3,0.2,0.1,0.4,0,1,1,0,1,1,2,3,1,150
265,213,男,26,本科/专科,3.8,4.8,3.6,3.5,4.3,11.7,1,1,31.6,1,1727,0.6,96.9,3.5,66.5,0.8,0.6,43.4,4,0.2,0.1,0.3,1,1,0,0,1,1,2,1,1,180
266,213,男,26,本科/专科,3.8,4.8,3.6,3.5,4.3,17.2,1,1,45.9,1,1546,0.6,80.0,17.8,88.6,0.8,0.8,28.7,7,0.1,0.3,0.5,0,1,0,1,1,1,2,1,1,270
267,213,男,26,本科/专科,3.8,4.8,3.6,3.5,4.3,18.8,1,1,46.8,1,937,0.8,82.3,10.5,80.9,0.8,0.7,56.3,7,0.3,0.1,0.4,1,1,1,1,1,2,2,6,1,270
268,213,男,26,本科/专科,3.8,4.8,3.6,3.5,4.3,15.3,1,1,44.1,1,1537,0.7,67.3,3.0,80.3,0.8,0.8,86.9,6,0.1,0.1,0.4,1,1,1,1,1,2,1,5,1,240
269,213,男,26,本科/专科,3.8,4.8,3.6,3.5,4.3,13.4,1,1,20.3,1,1663,0.8,75.8,3.5,84.3,0.7,0.6,34.3,3,0.2,0.1,0.3,1,1,1,1,1,2,2,1,1,150
270,71,女,46,本科/专科,4.8,4.0,4.2,2.8,4.2,3.4,1,2,1.7,1,356,0.8,69.3,2.0,40.0,0.3,0.6,7.6,2,0.3,0.0,0.6,-1,0,-1,1,1,5,5,3,1,120
271,71,女,46,本科/专科,4.8,4.0,4.2,2.8,4.2,2.7,1,2,8.1,1,424,0.7,78.4,2.3,40.1,0.3,0.5,9.9,4,0.3,0.1,0.6,0,1,-1,0,0,2,5,2,0,180
272,71,女,46,本科/专科,4.8,4.0,4.2,2.8,4.2,3.9,1,2,24.3,1,958,0.8,40.7,1.9,2.8,0.3,0.7,7.0,4,0.3,0.1,0.6,-1,0,-1,0,0,3,5,6,1,180
273,71,女,46,本科/专科,4.8,4.0,4.2,2.8,4.2,7.7,1,1,2.8,1,80,1.0,92.1,2.2,30.5,0.3,0.7,1.7,6,0.2,0.1,0.6,-1,0,-1,0,0,5,5,4,1,240
274,71,女,46,本科/专科,4.8,4.0,4.2,2.8,4.2,2.2,1,2,30.7,1,711,0.8,47.3,2.3,56.9,0.2,0.5,1.9,2,0.4,0.1,0.2,-1,1,1,0,0,5,0,6,1,120
275,71,女,46,本科/专科,4.8,4.0,4.2,2.8,4.2,8.9,1,2,24.9,1,414,0.9,86.5,1.7,27.3,0.4,0.6,41.1,1,0.1,0.2,0.6,-1,1,-1,1,1,2,0,7,1,90
276,71,女,46,本科/专科,4.8,4.0,4.2,2.8,4.2,6.1,1,2,17.0,1,948,0.7,43.4,2.6,32.7,0.3,0.6,24.6,1,0.8,0.1,0.7,-1,0,-1,0,1,4,5,4,0,90
277,71,女,46,本科/专科,4.8,4.0,4.2,2.8,4.2,6.6,1,2,21.1,1,736,0.9,50.4,1.5,51.7,0.4,0.7,15.6,1,0.5,0.1,0.6,-1,1,1,1,0,5,5,2,0,90
278,71,女,46,本科/专科,4.8,4.0,4.2,2.8,4.2,24.5,1,2,28.2,1,896,0.8,68.2,26.2,54.4,0.3,0.7,24.3,2,0.2,0.1,0.3,0,0,-1,0,1,5,4,3,1,120
279,71,女,46,本科/专科,4.8,4.0,4.2,2.8,4.2,4.3,1,1,19.1,1,389,0.7,41.2,1.7,27.4,0.3,0.6,31.4,2,0.5,0.1,0.1,-1,1,1,0,0,5,5,7,1,120
280,172,女,24,本科/专科,2.5,3.1,2.7,2.9,2.0,1.1,0,0,9.4,1,899,0.8,43.3,22.2,82.3,0.7,0.3,57.4,3,0.5,0.2,0.4,0,1,-1,1,0,3,3,1,1,150
281,172,女,24,本科/专科,2.5,3.1,2.7,2.9,2.0,20.7,0,0,23.6,1,1352,0.5,77.6,3.2,115.9,0.8,0.2,27.1,6,0.4,0.2,0.3,0,0,-1,1,1,3,3,4,1,240
282,172,女,24,本科/专科,2.5,3.1,2.7,2.9,2.0,8.2,0,2,32.6,1,1374,0.7,74.7,3.1,99.7,0.5,0.5,52.0,2,0.4,0.1,0.4,-1,1,0,1,1,0,3,1,1,120
283,172,女,24,本科/专科,2.5,3.1,2.7,2.9,2.0,20.7,0,2,28.1,1,601,0.6,55.6,8.5,82.4,0.7,0.5,36.1,4,0.4,0.2,0.4,-1,1,-1,1,0,1,4,5,0,180
284,172,女,24,本科/专科,2.5,3.1,2.7,2.9,2.0,22.4,0,0,13.7,1,1426,0.6,67.4,3.3,81.9,0.8,0.3,69.9,3,0.3,0.2,0.4,0,1,0,0,0,4,4,2,0,150
285,172,女,24,本科/专科,2.5,3.1,2.7,2.9,2.0,6.6,0,0,14.5,1,900,0.7,51.5,2.8,89.6,0.6,0.3,37.4,7,0.5,0.1,0.4,-1,0,-1,1,0,0,3,1,0,270
286,172,女,24,本科/专科,2.5,3.1,2.7,2.9,2.0,6.2,1,1,27.7,1,1045,0.6,89.8,2.8,57.6,0.5,0.2,15.2,4,0.3,0.1,0.4,-1,0,-1,0,1,5,3,1,0,180
287,172,女,24,本科/专科,2.5,3.1,2.7,2.9,2.0,7.9,0,2,9.2,1,1243,0.7,42.9,28.4,79.1,0.8,0.4,15.6,3,0.4,0.1,0.4,-1,0,-1,1,0,0,3,2,1,150
288,172,女,24,本科/专科,2.5,3.1,2.7,2.9,2.0,4.7,0,1,24.7,1,1327,0.7,82.6,24.8,81.2,0.8,0.3,72.0,1,0.5,0.2,0.4,-1,1,1,1,0,2,4,3,0,90
289,172,女,24,本科/专科,2.5,3.1,2.7,2.9,2.0,27.8,1,2,29.1,1,1379,0.6,93.9,4.3,84.8,0.7,0.4,13.4,4,0.3,0.2,0.3,-1,1,-1,1,0,5,3,4,0,180
290,29,女,33,本科/专科,3.6,4.1,3.7,2.4,3.6,26.7,1,1,8.5,1,1348,0.9,33.7,2.3,86.8,0.8,0.1,31.9,5,0.3,0.4,0.2,1,1,1,0,0,2,3,0,1,210
291,29,女,33,本科/专科,3.6,4.1,3.7,2.4,3.6,5.3,1,1,0.9,1,1584,1.0,3.8,1.6,74.2,0.6,0.3,29.2,5,0.2,0.4,0.2,1,1,0,1,0,2,2,1,1,210
292,29,女,33,本科/专科,3.6,4.1,3.7,2.4,3.6,26.8,1,2,25.7,1,1567,0.9,20.4,1.9,69.3,0.8,0.1,75.5,10,0.2,0.4,0.2,0,1,1,0,1,1,3,13,0,360
293,29,女,33,本科/专科,3.6,4.1,3.7,2.4,3.6,10.1,1,2,6.0,1,1373,0.8,42.2,1.5,118.3,0.8,0.3,45.4,6,0.6,0.4,0.2,0,1,1,1,0,2,3,7,1,240
294,29,女,33,本科/专科,3.6,4.1,3.7,2.4,3.6,5.9,1,2,0.9,1,1097,1.0,59.7,2.0,76.6,0.6,0.3,29.0,10,0.4,0.5,0.2,1,1,1,0,1,2,3,5,1,360
295,29,女,33,本科/专科,3.6,4.1,3.7,2.4,3.6,17.9,1,2,23.0,1,1457,0.9,4.6,22.3,112.1,0.8,0.3,76.7,6,0.3,0.7,0.0,1,1,1,0,1,1,3,13,0,240
296,29,女,33,本科/专科,3.6,4.1,3.7,2.4,3.6,1.7,1,2,28.0,1,1391,0.8,45.1,1.5,100.7,0.7,0.2,47.0,10,0.0,0.4,0.2,0,1,1,1,0,2,2,1,0,360
297,29,女,33,本科/专科,3.6,4.1,3.7,2.4,3.6,21.7,1,2,18.0,1,1331,1.0,10.1,1.5,87.1,0.7,0.2,24.0,6,0.4,0.4,0.2,1,1,1,1,0,2,2,12,1,240
298,29,女,33,本科/专科,3.6,4.1,3.7,2.4,3.6,6.6,1,2,21.0,1,1461,0.8,4.5,2.2,69.3,0.7,0.1,23.1,8,0.1,0.4,0.1,1,1,1,0,1,1,3,19,1,300
299,29,女,33,本科/专科,3.6,4.1,3.7,2.4,3.6,27.4,1,2,11.6,1,1308,0.7,3.9,2.5,106.4,0.8,0.3,67.7,6,0.2,0.4,0.2,1,1,1,1,1,2,3,5,0,240
300,235,女,22,本科/专科,3.0,4.0,3.7,3.8,4.1,14.6,1,1,44.3,1,1115,0.7,85.5,0.7,81.6,0.7,0.5,10.4,4,0.4,0.2,0.5,1,1,0,1,1,0,1,5,1,180
301,235,女,22,本科/专科,3.0,4.0,3.7,3.8,4.1,26.9,1,1,32.9,1,1058,0.7,92.0,28.0,92.0,0.8,0.5,33.0,4,0.5,0.2,0.4,0,1,1,1,1,0,2,6,1,180
302,235,女,22,本科/专科,3.0,4.0,3.7,3.8,4.1,33.2,1,1,46.1,1,1411,0.7,81.2,0.6,67.3,0.8,0.7,11.2,5,0.4,0.4,0.4,1,1,1,1,1,4,1,2,1,210
303,235,女,22,本科/专科,3.0,4.0,3.7,3.8,4.1,22.1,1,1,36.8,1,1444,0.7,50.6,1.2,80.1,0.8,0.6,16.2,8,0.3,0.2,0.5,1,1,1,1,1,3,2,6,1,300
304,235,女,22,本科/专科,3.0,4.0,3.7,3.8,4.1,16.2,1,1,38.0,1,1312,0.5,92.2,0.8,80.4,0.7,0.5,7.7,5,0.4,0.1,0.4,1,1,1,1,1,5,2,1,1,210
305,235,女,22,本科/专科,3.0,4.0,3.7,3.8,4.1,13.5,1,1,47.8,1,838,0.8,77.3,0.6,83.7,0.8,0.7,17.6,4,0.4,0.4,0.4,1,1,1,0,1,1,1,6,1,180
306,235,女,22,本科/专科,3.0,4.0,3.7,3.8,4.1,18.7,1,1,26.7,1,1219,0.6,82.8,0.5,108.2,0.8,0.6,15.9,4,0.4,0.1,0.5,1,1,1,0,1,2,2,2,1,180
307,235,女,22,本科/专科,3.0,4.0,3.7,3.8,4.1,21.2,1,1,27.5,1,810,0.6,47.6,1.7,60.4,0.8,0.7,22.0,10,0.6,0.1,0.4,0,1,1,0,1,0,2,2,1,360
308,235,女,22,本科/专科,3.0,4.0,3.7,3.8,4.1,30.5,1,1,36.6,1,1228,0.6,37.9,0.5,101.2,0.8,0.5,62.6,4,0.5,0.2,0.5,1,1,0,0,1,5,2,6,1,180
309,235,女,22,本科/专科,3.0,4.0,3.7,3.8,4.1,39.2,1,1,37.3,1,637,0.6,80.7,1.5,60.0,0.8,0.7,38.4,10,0.5,0.2,0.5,1,1,0,0,1,2,2,3,1,360
310,129,女,21,本科/专科,2.4,3.9,3.0,3.1,3.0,23.2,1,1,15.9,1,920,0.5,65.9,4.8,118.1,0.7,0.6,72.6,6,0.2,0.1,0.4,-1,1,-1,1,0,5,2,6,0,240
311,129,女,21,本科/专科,2.4,3.9,3.0,3.1,3.0,9.2,1,1,28.1,1,1009,0.5,59.3,4.7,69.1,0.7,0.7,53.7,2,0.4,0.1,0.4,-1,1,-1,0,0,5,1,6,0,120
312,129,女,21,本科/专科,2.4,3.9,3.0,3.1,3.0,32.1,1,1,33.6,1,908,0.4,75.3,3.8,102.8,0.5,0.7,31.9,6,0.3,0.1,0.4,0,1,-1,1,0,3,1,5,0,240
313,129,女,21,本科/专科,2.4,3.9,3.0,3.1,3.0,7.1,1,1,13.1,1,747,0.6,64.1,3.8,76.4,0.7,0.6,38.8,2,0.2,0.3,0.4,1,1,-1,1,1,3,2,7,0,120
314,129,女,21,本科/专科,2.4,3.9,3.0,3.1,3.0,6.2,1,1,7.3,1,852,0.6,64.1,5.1,89.7,0.6,0.5,56.7,1,0.3,0.1,0.4,-1,1,-1,0,1,5,1,6,0,90
315,129,女,21,本科/专科,2.4,3.9,3.0,3.1,3.0,8.9,1,1,8.4,1,1047,0.4,81.6,3.9,102.0,0.6,0.6,34.1,2,0.3,0.2,0.4,-1,1,-1,1,0,1,2,5,0,120
316,129,女,21,本科/专科,2.4,3.9,3.0,3.1,3.0,8.9,1,1,34.4,1,868,0.4,68.7,3.6,95.1,0.7,0.5,30.2,3,0.2,0.1,0.4,-1,1,0,0,1,5,2,3,0,150
317,129,女,21,本科/专科,2.4,3.9,3.0,3.1,3.0,25.3,1,1,35.4,1,1056,0.4,38.6,4.4,123.7,0.5,0.5,87.6,2,0.2,0.1,0.4,-1,1,-1,1,0,5,2,2,0,120
318,129,女,21,本科/专科,2.4,3.9,3.0,3.1,3.0,5.2,1,1,8.5,1,741,0.4,85.0,4.4,91.7,0.7,0.5,31.2,1,0.2,0.2,0.4,-1,1,-1,1,1,5,2,2,0,90
319,129,女,21,本科/专科,2.4,3.9,3.0,3.1,3.0,13.5,1,1,8.1,1,305,0.4,72.1,7.8,69.2,0.7,0.6,39.5,1,0.3,0.1,0.4,0,1,0,0,1,0,1,2,0,90
320,163,男,24,本科/专科,3.2,3.6,3.3,3.2,3.0,10.6,1,1,20.3,1,1362,0.5,28.5,4.3,96.1,0.7,0.6,25.7,6,0.2,0.2,0.4,0,1,0,0,0,4,4,3,1,240
321,163,男,24,本科/专科,3.2,3.6,3.3,3.2,3.0,8.2,0,1,25.3,1,1305,0.7,56.0,4.4,95.9,0.4,0.5,47.5,8,0.3,0.3,0.3,1,1,0,1,0,5,3,5,1,300
322,163,男,24,本科/专科,3.2,3.6,3.3,3.2,3.0,33.1,1,1,20.0,1,1164,0.8,58.5,4.0,102.4,0.7,0.6,26.0,8,0.2,0.2,0.5,0,1,1,0,1,4,2,3,0,300
323,163,男,24,本科/专科,3.2,3.6,3.3,3.2,3.0,8.3,0,1,34.3,1,1591,0.8,60.1,3.3,89.8,0.5,0.5,31.8,11,0.3,0.2,0.3,-1,1,0,0,0,1,4,7,0,390
324,163,男,24,本科/专科,3.2,3.6,3.3,3.2,3.0,8.7,1,1,9.7,1,1037,0.7,74.5,15.2,50.6,0.7,0.6,53.0,7,0.3,0.2,0.4,0,1,1,0,1,5,3,3,0,270
325,163,男,24,本科/专科,3.2,3.6,3.3,3.2,3.0,6.8,1,1,30.8,1,1590,0.8,28.6,4.1,79.7,0.7,0.4,49.1,11,0.2,0.2,0.3,1,1,1,1,1,5,2,3,1,390
326,163,男,24,本科/专科,3.2,3.6,3.3,3.2,3.0,9.5,1,1,28.2,1,1361,0.7,77.2,3.7,51.9,0.6,0.6,26.3,7,0.3,0.2,0.4,1,1,0,1,0,0,3,8,0,270
327,163,男,24,本科/专科,3.2,3.6,3.3,3.2,3.0,8.8,1,1,29.0,1,952,0.8,84.3,15.2,101.5,0.7,0.4,58.7,6,0.3,0.3,0.4,0,1,1,1,0,4,2,3,1,240
328,163,男,24,本科/专科,3.2,3.6,3.3,3.2,3.0,12.2,1,1,19.8,1,1355,0.5,28.4,9.3,71.9,0.7,0.5,43.1,8,0.3,0.2,0.3,0,1,0,1,0,2,4,4,0,300
329,163,男,24,本科/专科,3.2,3.6,3.3,3.2,3.0,16.6,1,1,39.0,1,1054,0.6,36.6,3.7,58.7,0.7,0.6,32.6,6,0.4,0.2,0.4,1,1,1,0,0,3,4,3,1,240
330,192,女,27,硕士及以上,3.5,4.4,3.6,3.0,3.9,20.3,1,1,42.8,1,1174,0.6,81.9,5.8,97.0,0.8,0.4,103.3,7,0.2,0.2,0.3,0,1,0,1,0,2,5,3,1,270
331,192,女,27,硕士及以上,3.5,4.4,3.6,3.0,3.9,38.5,1,1,34.4,1,1770,0.6,39.6,5.5,108.5,0.8,0.5,65.2,10,0.1,0.2,0.3,0,1,1,0,0,1,5,1,1,360
332,192,女,27,硕士及以上,3.5,4.4,3.6,3.0,3.9,29.1,1,1,33.3,1,1847,0.6,35.3,6.1,86.4,0.8,0.5,94.0,7,0.2,0.2,0.3,1,1,1,0,0,2,1,4,1,270
333,192,女,27,硕士及以上,3.5,4.4,3.6,3.0,3.9,25.6,1,1,26.6,1,1798,0.8,56.3,19.2,95.1,0.8,0.4,57.8,6,0.3,0.2,0.2,1,1,1,1,0,2,2,2,0,240
334,192,女,27,硕士及以上,3.5,4.4,3.6,3.0,3.9,13.0,1,1,21.3,1,1777,0.8,87.3,9.3,80.8,0.7,0.6,58.4,7,0.2,0.2,0.3,0,1,0,0,1,2,1,5,1,270
335,192,女,27,硕士及以上,3.5,4.4,3.6,3.0,3.9,13.1,1,1,35.3,1,1518,0.6,70.2,5.3,89.1,0.7,0.6,108.7,5,0.2,0.2,0.4,1,1,1,0,1,1,4,7,0,210
336,192,女,27,硕士及以上,3.5,4.4,3.6,3.0,3.9,35.6,1,1,27.0,1,1711,0.7,79.6,27.2,98.3,0.8,0.6,68.2,11,0.1,0.2,0.3,1,1,0,1,0,2,5,2,1,390
337,192,女,27,硕士及以上,3.5,4.4,3.6,3.0,3.9,19.4,1,1,42.1,1,1180,0.6,84.2,5.9,105.5,0.6,0.4,62.2,8,0.2,0.2,0.4,0,1,1,1,0,1,1,6,0,300
338,192,女,27,硕士及以上,3.5,4.4,3.6,3.0,3.9,12.6,1,1,34.1,1,1637,0.8,85.9,6.1,79.3,0.7,0.6,85.5,5,0.1,0.2,0.4,0,1,0,0,1,2,3,2,1,210
339,192,女,27,硕士及以上,3.5,4.4,3.6,3.0,3.9,16.1,1,1,32.6,1,1200,0.6,70.4,5.9,99.9,0.8,0.7,55.8,7,0.2,0.2,0.4,1,1,1,0,1,2,5,7,1,270
340,155,女,21,本科/专科,3.4,3.3,3.2,3.0,3.7,20.1,1,1,12.0,1,1209,0.8,81.8,28.2,48.4,0.8,0.5,69.2,6,0.3,0.3,0.3,0,1,0,1,1,5,3,1,0,240
341,155,女,21,本科/专科,3.4,3.3,3.2,3.0,3.7,26.8,0,1,25.3,1,1713,0.6,75.3,1.9,101.7,0.5,0.5,101.9,8,0.3,0.3,0.4,1,0,-1,1,0,5,3,2,1,300
342,155,女,21,本科/专科,3.4,3.3,3.2,3.0,3.7,11.7,0,1,15.8,1,1192,0.7,53.3,1.8,60.3,0.7,0.3,76.7,11,0.2,0.6,0.4,0,1,0,0,1,5,2,1,1,390
343,155,女,21,本科/专科,3.4,3.3,3.2,3.0,3.7,18.6,0,1,22.9,1,909,0.6,86.8,2.0,106.7,0.8,0.3,68.6,11,0.2,0.3,0.5,1,1,0,1,1,5,3,1,0,390
344,155,女,21,本科/专科,3.4,3.3,3.2,3.0,3.7,17.9,0,1,22.8,1,1611,0.7,76.6,3.0,102.8,0.8,0.5,87.4,6,0.4,0.3,0.4,-1,0,-1,0,0,5,3,4,0,240
345,155,女,21,本科/专科,3.4,3.3,3.2,3.0,3.7,19.8,0,1,38.3,1,1595,0.8,87.9,26.4,59.8,0.7,0.5,71.2,7,0.2,0.3,0.4,-1,0,-1,0,1,5,2,5,1,270
346,155,女,21,本科/专科,3.4,3.3,3.2,3.0,3.7,14.3,0,1,30.8,1,1371,0.6,78.5,2.4,92.1,0.8,0.5,91.4,6,0.4,0.3,0.3,1,0,-1,0,1,5,2,2,0,240
347,155,女,21,本科/专科,3.4,3.3,3.2,3.0,3.7,40.3,0,1,33.4,1,1284,0.8,38.9,2.3,84.3,0.5,0.3,64.9,6,0.2,0.3,0.4,1,1,1,0,0,1,3,1,1,240
348,155,女,21,本科/专科,3.4,3.3,3.2,3.0,3.7,20.8,0,1,32.0,1,1474,0.6,69.6,2.5,90.4,0.7,0.5,66.3,6,0.3,0.3,0.4,-1,1,1,0,1,5,3,2,0,240
349,155,女,21,本科/专科,3.4,3.3,3.2,3.0,3.7,33.9,1,1,23.7,1,1490,0.8,65.6,2.7,106.4,0.8,0.5,89.3,10,0.4,0.3,0.3,-1,1,-1,0,1,2,2,4,0,360
350,116,女,25,硕士及以上,4.1,3.9,2.6,2.2,3.9,12.1,1,1,10.7,1,2010,0.7,59.5,27.3,93.7,0.8,0.5,74.0,5,0.2,0.1,0.3,1,1,1,0,1,2,3,4,1,210
351,116,女,25,硕士及以上,4.1,3.9,2.6,2.2,3.9,22.0,1,1,8.5,1,2119,0.7,23.2,3.2,80.3,0.6,0.5,74.9,5,0.2,0.1,0.4,1,1,0,0,1,1,3,3,0,210
352,116,女,25,硕士及以上,4.1,3.9,2.6,2.2,3.9,30.6,1,1,19.4,1,1532,0.8,70.5,3.1,74.9,0.7,0.2,74.0,7,0.2,0.1,0.2,1,1,1,0,1,2,3,12,0,270
353,116,女,25,硕士及以上,4.1,3.9,2.6,2.2,3.9,14.5,1,1,13.9,1,2128,0.9,22.7,2.5,84.4,0.7,0.3,94.1,5,0.2,0.3,0.2,0,1,0,1,1,1,1,1,0,210
354,116,女,25,硕士及以上,4.1,3.9,2.6,2.2,3.9,12.8,1,1,32.9,1,1291,0.6,69.6,25.0,87.3,0.8,0.4,109.7,7,0.1,0.1,0.4,1,1,1,1,0,1,3,2,0,270
355,116,女,25,硕士及以上,4.1,3.9,2.6,2.2,3.9,13.8,1,1,31.9,1,2039,0.8,42.2,26.1,69.3,0.5,0.5,93.3,8,0.2,0.1,0.3,1,1,1,0,1,1,3,11,1,300
356,116,女,25,硕士及以上,4.1,3.9,2.6,2.2,3.9,32.9,1,1,15.5,1,1555,0.9,71.9,3.1,89.7,0.5,0.5,68.1,5,0.2,0.1,0.4,1,1,0,1,1,2,2,4,1,210
357,116,女,25,硕士及以上,4.1,3.9,2.6,2.2,3.9,18.2,1,1,28.0,1,1570,0.8,23.1,3.3,69.1,0.7,0.4,59.2,7,0.2,0.1,0.2,0,1,1,0,1,2,2,3,1,270
358,116,女,25,硕士及以上,4.1,3.9,2.6,2.2,3.9,38.3,1,1,23.7,1,1789,0.8,36.3,3.2,101.0,0.8,0.5,63.0,5,0.3,0.3,0.4,1,1,0,0,0,2,2,3,0,210
359,116,女,25,硕士及以上,4.1,3.9,2.6,2.2,3.9,14.7,1,1,30.7,1,1282,0.7,40.7,27.8,81.0,0.7,0.4,57.0,6,0.1,0.1,0.3,0,1,0,0,1,2,2,2,0,240
360,14,女,25,本科/专科,2.9,3.2,3.2,2.9,3.7,28.0,1,1,36.4,1,320,0.5,7.7,3.5,23.0,0.9,0.6,75.3,18,0.2,0.3,0.4,1,1,-1,0,1,2,1,6,1,600
361,14,女,25,本科/专科,2.9,3.2,3.2,2.9,3.7,2.0,1,1,46.0,1,176,0.7,46.7,16.8,45.4,0.9,0.7,170.8,19,0.5,0.3,0.4,1,0,-1,0,0,5,2,3,0,630
362,14,女,25,本科/专科,2.9,3.2,3.2,2.9,3.7,4.1,1,1,29.1,1,370,0.7,22.5,2.8,50.1,0.9,0.7,94.4,17,0.4,0.3,0.4,1,0,-1,0,0,5,1,2,0,570
363,14,女,25,本科/专科,2.9,3.2,3.2,2.9,3.7,28.4,1,1,30.2,1,765,0.6,33.4,2.9,60.2,0.9,0.7,26.8,15,0.3,0.3,0.4,1,1,0,0,0,1,2,6,1,510
364,14,女,25,本科/专科,2.9,3.2,3.2,2.9,3.7,2.4,1,1,48.5,1,903,0.6,30.9,3.5,44.4,0.6,0.7,19.7,3,0.3,0.5,0.4,1,1,-1,0,0,0,2,2,0,150
365,14,女,25,本科/专科,2.9,3.2,3.2,2.9,3.7,6.1,1,1,28.3,1,684,0.5,21.6,3.8,42.2,0.9,0.5,37.9,18,0.5,0.3,0.4,1,1,0,1,1,5,2,6,1,600
366,14,女,25,本科/专科,2.9,3.2,3.2,2.9,3.7,11.2,1,1,25.1,1,38,0.7,30.5,13.8,25.0,0.9,0.7,92.7,9,0.3,0.3,0.4,0,0,-1,1,1,0,2,5,0,330
367,14,女,25,本科/专科,2.9,3.2,3.2,2.9,3.7,15.0,1,1,29.1,1,436,0.5,64.1,3.0,38.2,0.9,0.7,5.5,15,0.4,0.3,0.4,1,1,0,0,1,2,2,6,0,510
368,14,女,25,本科/专科,2.9,3.2,3.2,2.9,3.7,24.3,1,1,22.0,1,755,0.6,27.0,3.8,61.1,0.9,0.5,99.6,9,0.3,0.2,0.4,1,0,-1,0,0,5,1,6,0,330
369,14,女,25,本科/专科,2.9,3.2,3.2,2.9,3.7,9.3,1,1,28.1,1,833,0.7,24.8,2.6,61.4,0.9,0.5,9.2,11,0.5,0.3,0.4,1,1,0,0,0,0,2,6,1,390
370,33,女,22,本科/专科,3.4,2.8,3.2,2.9,2.8,1.6,1,1,53.5,1,270,0.8,23.0,2.3,33.2,0.6,0.8,34.0,2,0.2,0.5,0.4,0,1,-1,0,0,2,1,10,1,120
371,33,女,22,本科/专科,3.4,2.8,3.2,2.9,2.8,9.2,0,1,43.7,1,1113,0.7,77.3,3.1,49.7,0.9,0.7,0.4,5,0.3,0.5,0.3,1,1,-1,0,0,2,1,7,0,210
372,33,女,22,本科/专科,3.4,2.8,3.2,2.9,2.8,3.3,0,1,49.7,1,1064,0.7,102.2,25.2,45.0,0.8,0.7,102.0,3,0.3,0.3,0.3,0,0,-1,0,1,2,2,2,0,150
373,33,女,22,本科/专科,3.4,2.8,3.2,2.9,2.8,4.1,0,1,44.5,1,510,0.8,170.5,26.0,28.4,0.9,0.6,30.8,5,0.3,0.5,0.2,1,1,0,1,0,1,1,15,1,210
374,33,女,22,本科/专科,3.4,2.8,3.2,2.9,2.8,29.2,1,1,34.2,1,943,0.5,95.9,2.6,37.7,0.8,0.8,24.7,1,0.3,0.4,0.3,-1,0,-1,1,1,1,2,3,0,90
375,33,女,22,本科/专科,3.4,2.8,3.2,2.9,2.8,19.6,1,1,29.4,1,347,0.6,100.0,3.1,33.8,0.8,0.6,191.6,2,0.4,0.3,0.4,-1,1,-1,0,0,2,2,2,1,120
376,33,女,22,本科/专科,3.4,2.8,3.2,2.9,2.8,2.5,0,1,28.0,1,263,0.7,125.9,11.2,8.0,0.7,0.7,16.4,1,0.3,0.4,0.4,0,0,-1,1,1,2,1,2,0,90
377,33,女,22,本科/专科,3.4,2.8,3.2,2.9,2.8,2.8,1,1,26.6,1,744,0.6,54.4,2.4,67.0,0.8,0.5,182.8,2,0.3,0.4,0.2,-1,1,1,0,1,2,1,3,1,120
378,33,女,22,本科/专科,3.4,2.8,3.2,2.9,2.8,8.9,0,1,50.1,1,800,0.6,93.3,3.0,26.1,0.8,0.7,16.6,4,0.2,0.3,0.4,0,1,0,1,0,1,2,1,0,180
379,33,女,22,本科/专科,3.4,2.8,3.2,2.9,2.8,24.8,1,1,47.1,1,1052,0.7,24.1,2.0,59.4,0.8,0.7,42.1,3,0.3,0.4,0.3,-1,0,-1,1,0,2,2,0,0,150
380,80,女,22,硕士及以上,3.9,3.9,2.8,2.5,3.4,1.7,1,1,48.6,1,1571,0.8,73.5,6.8,84.9,0.5,0.2,41.5,5,0.1,0.0,0.2,0,0,-1,0,1,5,3,6,0,210
381,80,女,22,硕士及以上,3.9,3.9,2.8,2.5,3.4,15.5,1,1,58.2,1,1355,0.8,78.2,1.9,53.7,0.8,0.4,28.6,2,0.1,0.1,0.2,1,0,-1,1,2,5,3,6,1,120
382,80,女,22,硕士及以上,3.9,3.9,2.8,2.5,3.4,24.9,1,1,64.1,1,1383,0.8,48.8,1.8,53.4,0.8,0.4,32.0,4,0.1,0.1,0.3,1,1,-1,1,1,5,3,1,0,180
383,80,女,22,硕士及以上,3.9,3.9,2.8,2.5,3.4,9.0,1,2,39.3,1,1363,0.8,65.2,0.6,88.9,0.7,0.3,24.4,6,0.3,0.2,0.4,1,1,-1,1,2,5,3,6,0,240
384,80,女,22,硕士及以上,3.9,3.9,2.8,2.5,3.4,21.0,1,1,50.6,1,1475,0.7,86.4,1.3,55.0,0.5,0.4,39.1,2,0.2,0.3,0.2,1,0,-1,1,1,5,3,1,0,120
385,80,女,22,硕士及以上,3.9,3.9,2.8,2.5,3.4,2.8,1,1,55.3,1,1394,0.7,102.9,20.0,41.0,0.7,0.3,16.0,4,0.1,0.2,0.4,1,1,-1,0,2,5,2,6,0,180
386,80,女,22,硕士及以上,3.9,3.9,2.8,2.5,3.4,1.6,1,1,51.5,1,998,0.6,66.8,1.7,55.3,0.6,0.2,26.5,6,0.2,0.0,0.4,0,0,-1,1,2,1,3,1,0,240
387,80,女,22,硕士及以上,3.9,3.9,2.8,2.5,3.4,25.0,1,1,44.4,1,761,0.8,93.7,18.7,43.3,0.5,0.3,42.3,1,0.1,0.1,0.3,0,0,-1,1,1,5,3,1,1,90
388,80,女,22,硕士及以上,3.9,3.9,2.8,2.5,3.4,5.6,1,2,54.8,1,1437,0.7,63.3,1.5,59.6,0.8,0.2,22.3,2,0.1,0.0,0.2,1,1,1,1,2,5,3,2,1,120
389,80,女,22,硕士及以上,3.9,3.9,2.8,2.5,3.4,5.6,1,1,50.0,1,871,0.6,66.7,0.8,49.9,0.8,0.5,17.2,2,0.1,0.1,0.3,1,1,0,0,2,0,2,3,1,120
390,61,女,23,高中/中专/技校/职高,2.9,3.4,3.4,2.2,2.3,23.1,1,1,30.0,1,780,0.5,30.9,2.0,60.8,0.9,0.5,58.6,3,0.1,0.2,0.4,1,0,-1,0,0,5,5,5,0,150
391,61,女,23,高中/中专/技校/职高,2.9,3.4,3.4,2.2,2.3,6.5,1,1,10.1,1,879,0.6,33.0,1.4,61.3,0.8,0.6,103.5,7,0.0,0.1,0.4,1,1,1,1,1,4,5,2,1,270
392,61,女,23,高中/中专/技校/职高,2.9,3.4,3.4,2.2,2.3,23.6,1,1,38.2,1,707,0.6,44.0,31.1,55.3,0.8,0.6,57.8,3,0.2,0.1,0.5,0,0,-1,1,1,5,5,1,1,150
393,61,女,23,高中/中专/技校/职高,2.9,3.4,3.4,2.2,2.3,21.6,1,1,29.5,1,742,0.7,62.2,2.2,67.0,0.6,0.4,97.2,7,0.2,0.3,0.4,1,0,-1,1,0,5,4,1,0,270
394,61,女,23,高中/中专/技校/职高,2.9,3.4,3.4,2.2,2.3,1.3,1,1,11.6,1,939,0.6,19.1,1.4,33.5,0.8,0.5,60.3,5,0.2,0.1,0.4,1,0,-1,1,0,5,4,3,0,210
395,61,女,23,高中/中专/技校/职高,2.9,3.4,3.4,2.2,2.3,10.9,1,1,12.1,1,1145,0.5,32.8,2.1,46.6,0.6,0.3,75.3,2,0.0,0.2,0.3,1,1,-1,0,0,5,2,4,1,120
396,61,女,23,高中/中专/技校/职高,2.9,3.4,3.4,2.2,2.3,2.1,1,1,11.2,1,940,0.6,23.6,2.3,44.6,0.9,0.5,60.2,6,0.1,0.1,0.4,0,0,-1,0,1,5,5,2,0,240
397,61,女,23,高中/中专/技校/职高,2.9,3.4,3.4,2.2,2.3,9.5,1,1,13.2,1,1103,0.4,15.5,1.5,46.9,0.7,0.4,68.9,3,0.1,0.2,0.5,1,1,1,0,1,1,5,3,0,150
398,61,女,23,高中/中专/技校/职高,2.9,3.4,3.4,2.2,2.3,30.7,1,1,16.3,1,285,0.5,3.6,2.5,38.6,0.6,0.4,64.2,5,0.1,0.1,0.5,1,1,-1,0,1,2,0,6,1,210
399,61,女,23,高中/中专/技校/职高,2.9,3.4,3.4,2.2,2.3,10.6,1,1,16.3,1,1145,0.7,10.9,2.2,41.5,0.7,0.4,64.0,6,0.1,0.2,0.5,0,1,0,0,0,5,5,1,1,240
400,178,女,24,本科/专科,2.6,3.8,2.8,3.0,3.7,28.2,1,1,37.5,1,1035,0.5,88.3,30.7,63.2,0.5,0.6,63.4,5,0.2,0.4,0.4,1,1,0,0,0,0,4,6,1,210
401,178,女,24,本科/专科,2.6,3.8,2.8,3.0,3.7,24.8,0,1,30.9,1,1259,0.5,69.3,1.9,105.4,0.7,0.4,52.7,10,0.1,0.3,0.4,-1,1,1,0,1,5,4,3,1,360
402,178,女,24,本科/专科,2.6,3.8,2.8,3.0,3.7,24.7,1,1,14.5,1,1081,0.7,66.3,2.7,114.1,0.7,0.4,89.1,6,0.4,0.3,0.4,1,1,0,1,1,5,4,1,1,240
403,178,女,24,本科/专科,2.6,3.8,2.8,3.0,3.7,16.5,0,1,34.3,1,1039,0.4,36.2,2.4,81.1,0.7,0.7,55.6,11,0.1,0.4,0.3,-1,1,1,1,0,5,4,2,0,390
404,178,女,24,本科/专科,2.6,3.8,2.8,3.0,3.7,37.7,1,1,16.1,1,781,0.5,41.3,2.6,63.4,0.5,0.6,52.6,5,0.2,0.3,0.4,0,1,1,1,0,5,3,4,0,210
405,178,女,24,本科/专科,2.6,3.8,2.8,3.0,3.7,12.5,1,1,10.5,1,848,0.5,48.5,2.2,87.5,0.5,0.5,57.4,8,0.1,0.4,0.5,0,1,0,1,1,5,4,2,1,300
406,178,女,24,本科/专科,2.6,3.8,2.8,3.0,3.7,18.6,0,1,11.8,1,1255,0.6,32.8,14.5,86.0,0.7,0.7,63.0,11,0.2,0.5,0.4,-1,1,1,0,1,3,4,3,1,390
407,178,女,24,本科/专科,2.6,3.8,2.8,3.0,3.7,38.9,1,1,34.1,1,407,0.6,60.1,2.9,82.0,0.7,0.4,78.9,5,0.1,0.3,0.4,0,1,0,0,1,1,4,6,1,210
408,178,女,24,本科/专科,2.6,3.8,2.8,3.0,3.7,28.3,1,1,35.7,1,536,0.7,55.3,2.6,95.7,0.7,0.5,55.2,6,0.1,0.3,0.4,-1,1,1,1,0,5,3,6,0,240
409,178,女,24,本科/专科,2.6,3.8,2.8,3.0,3.7,39.6,0,1,17.5,1,422,0.5,60.8,2.3,112.0,0.5,0.4,112.0,7,0.2,0.3,0.3,0,1,0,0,1,4,4,6,0,270
410,86,女,23,硕士及以上,3.5,3.9,3.1,3.6,3.1,2.3,1,1,28.5,1,724,0.6,7.2,1.9,63.7,0.6,0.6,37.1,1,0.4,0.1,0.5,1,0,-1,1,0,5,3,3,1,90
411,86,女,23,硕士及以上,3.5,3.9,3.1,3.6,3.1,29.7,1,1,7.0,1,819,0.4,27.7,8.8,69.8,0.6,0.6,54.4,11,0.2,0.1,0.5,-1,1,0,0,1,0,2,7,0,390
412,86,女,23,硕士及以上,3.5,3.9,3.1,3.6,3.1,12.0,1,1,13.0,1,683,0.6,4.3,1.4,28.9,0.6,0.4,64.0,1,0.2,0.1,0.5,-1,1,1,0,0,1,3,2,0,90
413,86,女,23,硕士及以上,3.5,3.9,3.1,3.6,3.1,1.7,1,1,21.4,1,207,0.5,55.3,26.5,59.6,0.7,0.5,26.1,11,0.2,0.1,0.5,1,1,0,1,1,4,2,2,0,390
414,86,女,23,硕士及以上,3.5,3.9,3.1,3.6,3.1,23.0,1,1,13.7,1,557,0.6,8.8,1.2,10.7,0.7,0.4,28.6,17,0.1,0.1,0.5,0,1,-1,0,1,1,3,1,0,570
415,86,女,23,硕士及以上,3.5,3.9,3.1,3.6,3.1,29.3,1,1,25.7,1,206,0.6,48.1,1.8,50.2,0.6,0.5,71.8,2,0.2,0.1,0.6,-1,0,-1,1,0,1,3,3,1,120
416,86,女,23,硕士及以上,3.5,3.9,3.1,3.6,3.1,10.9,1,1,31.0,1,1079,0.6,17.2,20.6,34.2,0.6,0.3,68.0,18,0.2,0.2,0.4,-1,0,-1,0,0,5,3,7,1,600
417,86,女,23,硕士及以上,3.5,3.9,3.1,3.6,3.1,21.0,1,1,30.8,1,956,0.4,17.3,0.9,39.3,0.6,0.5,46.6,3,0.2,0.3,0.5,0,1,1,0,1,0,3,3,1,150
418,86,女,23,硕士及以上,3.5,3.9,3.1,3.6,3.1,21.7,1,1,5.7,1,555,0.7,26.8,1.4,36.2,0.7,0.5,30.4,17,0.2,0.1,0.5,-1,0,-1,0,1,5,3,3,1,570
419,86,女,23,硕士及以上,3.5,3.9,3.1,3.6,3.1,5.6,1,1,15.1,1,1013,0.4,20.3,2.2,31.6,0.6,0.5,26.9,3,0.1,0.7,0.5,-1,1,1,0,0,4,2,6,0,150
420,38,女,47,初中及以下,3.4,3.9,3.2,3.2,3.1,9.8,1,1,5.4,1,879,1.0,43.0,89.8,36.1,0.7,0.1,51.6,3,0.1,1.0,0.0,0,1,0,1,1,5,1,2,0,150
421,38,女,47,初中及以下,3.4,3.9,3.2,3.2,3.1,5.5,1,1,2.4,1,373,0.8,20.4,67.6,65.0,0.9,0.3,63.6,6,0.4,0.9,0.5,-1,1,1,0,1,2,1,3,0,240
422,38,女,47,初中及以下,3.4,3.9,3.2,3.2,3.1,11.0,1,1,18.0,1,1055,1.0,59.6,74.4,57.0,0.9,0.3,37.9,4,0.9,0.7,0.5,-1,1,1,1,1,5,2,2,1,180
423,38,女,47,初中及以下,3.4,3.9,3.2,3.2,3.1,31.1,1,1,11.3,1,1114,1.0,11.3,68.4,17.9,0.7,0.1,58.2,3,0.6,0.7,0.1,-1,1,1,1,1,5,2,3,0,150
424,38,女,47,初中及以下,3.4,3.9,3.2,3.2,3.1,6.1,1,1,25.2,1,1066,0.9,44.1,68.6,41.8,0.7,0.2,63.5,7,0.4,0.7,0.2,-1,1,1,1,0,4,2,2,1,270
425,38,女,47,初中及以下,3.4,3.9,3.2,3.2,3.1,10.9,1,1,27.5,1,621,0.9,14.1,68.5,74.3,0.7,0.2,39.5,4,0.4,0.8,0.5,-1,1,0,1,1,4,1,4,1,180
426,38,女,47,初中及以下,3.4,3.9,3.2,3.2,3.1,8.9,1,1,4.4,1,1016,1.0,46.9,67.7,27.6,1.0,0.2,56.9,7,0.5,0.7,0.3,0,1,0,0,1,5,2,4,1,270
427,38,女,47,初中及以下,3.4,3.9,3.2,3.2,3.1,5.9,1,1,5.8,1,850,0.8,38.7,68.2,40.5,0.8,0.3,56.4,3,0.9,0.7,0.6,0,1,1,1,0,3,2,6,0,150
428,38,女,47,初中及以下,3.4,3.9,3.2,3.2,3.1,5.2,1,1,11.2,1,940,0.8,38.7,67.9,39.3,0.9,0.3,51.0,4,0.3,0.7,0.6,0,1,1,0,0,1,2,5,1,180
429,38,女,47,初中及以下,3.4,3.9,3.2,3.2,3.1,8.9,1,1,5.5,1,292,0.7,36.5,97.2,41.0,1.0,0.2,52.2,3,0.1,0.7,0.6,0,1,1,1,0,2,2,5,0,150
430,132,男,21,本科/专科,3.9,4.0,3.3,1.6,3.8,14.6,1,1,41.1,1,1571,0.6,79.6,2.9,76.0,0.7,0.2,29.7,6,0.3,0.1,0.2,0,1,1,0,1,2,3,1,1,240
431,132,男,21,本科/专科,3.9,4.0,3.3,1.6,3.8,14.0,1,1,20.5,1,2031,0.8,87.6,3.5,62.7,0.7,0.2,31.7,11,0.3,0.1,0.3,1,1,1,1,1,2,3,3,1,390
432,132,男,21,本科/专科,3.9,4.0,3.3,1.6,3.8,39.4,1,1,19.2,1,1476,0.7,115.0,18.8,77.9,0.6,0.2,33.7,6,0.4,0.1,0.2,1,1,1,1,1,1,2,6,1,240
433,132,男,21,本科/专科,3.9,4.0,3.3,1.6,3.8,10.4,1,1,40.4,1,2055,0.6,76.8,27.4,64.4,0.6,0.3,88.0,6,0.4,0.1,0.3,1,1,0,0,1,2,3,5,1,240
434,132,男,21,本科/专科,3.9,4.0,3.3,1.6,3.8,18.4,1,1,22.0,1,1814,0.8,109.0,3.5,77.5,0.7,0.4,29.7,6,0.3,0.2,0.3,1,1,0,0,1,2,1,4,1,240
435,132,男,21,本科/专科,3.9,4.0,3.3,1.6,3.8,30.9,1,1,31.5,1,2019,0.7,83.8,3.3,81.8,0.7,0.2,36.8,5,0.3,0.1,0.3,1,1,0,1,1,2,3,6,1,210
436,132,男,21,本科/专科,3.9,4.0,3.3,1.6,3.8,39.8,1,1,33.6,1,1907,0.9,78.4,3.4,37.6,0.7,0.2,34.0,7,0.4,0.1,0.3,0,1,0,1,1,2,2,2,1,270
437,132,男,21,本科/专科,3.9,4.0,3.3,1.6,3.8,17.4,1,1,25.2,1,1806,0.8,100.6,32.6,83.0,0.6,0.3,29.0,8,0.5,0.4,0.3,0,1,0,0,1,2,3,1,1,300
438,132,男,21,本科/专科,3.9,4.0,3.3,1.6,3.8,22.9,1,1,19.2,1,1994,0.6,108.2,3.5,38.0,0.7,0.3,39.5,5,0.3,0.1,0.3,1,1,1,0,1,2,3,2,1,210
439,132,男,21,本科/专科,3.9,4.0,3.3,1.6,3.8,20.8,1,1,20.8,1,1945,0.8,80.8,4.3,77.9,0.7,0.4,39.3,10,0.5,0.1,0.4,0,1,1,1,1,2,3,2,1,360
440,99,女,22,本科/专科,3.2,3.4,3.0,3.0,4.2,15.2,1,1,19.9,1,1245,0.5,69.3,3.1,98.1,0.7,0.5,30.9,6,0.2,0.1,0.4,1,0,-1,1,1,5,3,6,1,240
441,99,女,22,本科/专科,3.2,3.4,3.0,3.0,4.2,34.4,1,1,27.7,1,1592,0.5,49.9,11.8,92.7,0.7,0.5,28.7,10,0.2,0.2,0.4,1,1,1,1,1,1,1,6,1,360
442,99,女,22,本科/专科,3.2,3.4,3.0,3.0,4.2,30.5,0,1,22.6,1,1183,0.6,59.8,4.0,111.9,0.7,0.4,41.7,6,0.2,0.2,0.3,0,0,-1,0,1,0,1,5,1,240
443,99,女,22,本科/专科,3.2,3.4,3.0,3.0,4.2,25.9,1,1,37.0,1,1439,0.7,42.1,2.0,115.5,0.7,0.4,29.4,10,0.2,0.1,0.4,1,1,0,1,1,5,3,6,1,360
444,99,女,22,本科/专科,3.2,3.4,3.0,3.0,4.2,13.8,1,1,16.7,1,1575,0.7,19.8,1.7,86.4,0.5,0.5,47.6,9,0.2,0.1,0.4,1,1,1,1,1,3,3,6,1,330
445,99,女,22,本科/专科,3.2,3.4,3.0,3.0,4.2,18.2,0,1,39.5,1,1479,0.8,22.4,2.3,75.0,0.5,0.2,74.9,6,0.2,0.1,0.5,1,1,-1,0,1,5,3,1,1,240
446,99,女,22,本科/专科,3.2,3.4,3.0,3.0,4.2,37.2,0,1,27.1,1,1179,0.8,67.4,2.2,107.3,0.7,0.5,49.2,8,0.2,0.1,0.3,1,0,-1,1,1,2,3,1,1,300
447,99,女,22,本科/专科,3.2,3.4,3.0,3.0,4.2,18.2,1,1,16.5,1,1018,0.8,33.0,10.6,67.9,0.7,0.5,40.3,5,0.1,0.4,0.4,1,0,-1,1,1,2,2,1,1,210
448,99,女,22,本科/专科,3.2,3.4,3.0,3.0,4.2,30.3,1,1,13.2,1,966,0.6,19.9,2.6,79.7,0.6,0.5,24.2,5,0.2,0.3,0.4,1,0,-1,1,1,5,2,4,1,210
449,99,女,22,本科/专科,3.2,3.4,3.0,3.0,4.2,22.8,0,1,28.5,1,1404,0.6,28.3,3.1,100.7,0.6,0.3,55.8,8,0.1,0.1,0.3,0,0,-1,1,1,5,2,6,1,300
450,205,男,24,硕士及以上,1.9,3.4,3.4,3.8,3.9,15.9,0,1,35.9,1,1055,0.5,60.7,4.6,112.5,0.6,0.4,53.7,3,0.3,0.1,0.5,0,0,-1,1,1,5,2,3,1,150
451,205,男,24,硕士及以上,1.9,3.4,3.4,3.8,3.9,21.8,1,1,15.7,1,188,0.6,88.2,4.8,131.6,0.4,0.5,37.5,7,0.2,0.2,0.4,0,0,-1,1,0,2,2,2,0,270
452,205,男,24,硕士及以上,1.9,3.4,3.4,3.8,3.9,15.2,1,1,33.5,1,176,0.5,113.4,4.8,129.8,0.7,0.6,20.8,6,0.2,0.2,0.5,-1,0,-1,1,0,1,2,5,1,240
453,205,男,24,硕士及以上,1.9,3.4,3.4,3.8,3.9,20.7,1,1,33.0,1,791,0.4,70.2,3.7,90.1,0.6,0.7,21.8,3,0.2,0.2,0.4,0,0,-1,1,1,5,2,3,0,150
454,205,男,24,硕士及以上,1.9,3.4,3.4,3.8,3.9,44.6,0,1,23.5,1,918,0.4,86.6,3.8,132.8,0.7,0.7,21.7,4,0.2,0.2,0.5,0,0,-1,1,1,2,2,5,1,180
455,205,男,24,硕士及以上,1.9,3.4,3.4,3.8,3.9,18.1,1,1,26.1,1,406,0.5,57.3,4.3,140.2,0.7,0.7,24.1,5,0.3,0.2,0.4,-1,0,-1,1,0,5,2,4,1,210
456,205,男,24,硕士及以上,1.9,3.4,3.4,3.8,3.9,18.1,0,1,37.8,1,930,0.4,93.3,3.9,101.2,0.6,0.6,30.9,5,0.2,0.2,0.5,0,1,1,1,0,5,2,1,1,210
457,205,男,24,硕士及以上,1.9,3.4,3.4,3.8,3.9,43.1,1,1,24.4,1,634,0.6,113.3,4.2,110.8,0.7,0.5,79.9,8,0.3,0.2,0.5,0,1,-1,1,1,5,2,2,0,300
458,205,男,24,硕士及以上,1.9,3.4,3.4,3.8,3.9,37.5,0,1,40.1,1,970,0.4,72.6,4.6,137.0,0.4,0.6,25.0,4,0.3,0.3,0.4,0,0,-1,1,1,5,2,1,0,180
459,205,男,24,硕士及以上,1.9,3.4,3.4,3.8,3.9,32.3,0,1,21.4,1,551,0.6,116.2,20.3,107.4,0.7,0.5,31.8,3,0.3,0.2,0.4,0,1,1,1,1,1,2,3,0,150
460,224,女,25,硕士及以上,3.5,3.7,2.4,3.1,3.7,25.4,0,1,11.8,1,1549,0.6,87.9,2.0,96.1,0.8,0.5,46.2,11,0.3,0.2,0.2,0,1,0,0,1,2,5,2,1,390
461,224,女,25,硕士及以上,3.5,3.7,2.4,3.1,3.7,18.1,1,1,32.5,1,1185,0.8,103.6,1.9,122.6,0.7,0.5,57.4,7,0.3,0.2,0.4,-1,1,1,1,1,2,2,5,1,270
462,224,女,25,硕士及以上,3.5,3.7,2.4,3.1,3.7,15.0,0,1,11.3,1,1594,0.8,95.0,2.0,123.5,0.7,0.4,29.3,8,0.2,0.4,0.3,-1,1,1,1,1,2,4,2,1,300
463,224,女,25,硕士及以上,3.5,3.7,2.4,3.1,3.7,16.9,0,1,18.1,1,1618,0.7,91.5,24.8,90.0,0.7,0.7,77.8,10,0.3,0.2,0.4,-1,1,0,1,1,2,1,3,1,360
464,224,女,25,硕士及以上,3.5,3.7,2.4,3.1,3.7,22.3,0,1,17.1,1,1174,0.7,62.0,3.2,109.5,0.7,0.5,61.1,6,0.3,0.2,0.4,1,1,1,1,1,1,1,2,1,240
465,224,女,25,硕士及以上,3.5,3.7,2.4,3.1,3.7,22.6,0,1,21.5,1,1689,0.8,66.2,2.2,106.4,0.5,0.6,35.2,6,0.2,0.4,0.4,-1,1,1,0,1,2,0,3,1,240
466,224,女,25,硕士及以上,3.5,3.7,2.4,3.1,3.7,12.8,0,1,7.8,1,963,0.8,64.2,2.3,88.8,0.7,0.6,81.8,10,0.2,0.2,0.3,0,1,1,1,1,2,5,2,1,360
467,224,女,25,硕士及以上,3.5,3.7,2.4,3.1,3.7,14.9,1,1,23.4,1,1624,0.8,82.0,2.8,112.4,0.7,0.6,42.3,9,0.3,0.1,0.4,-1,1,0,1,1,1,5,5,1,330
468,224,女,25,硕士及以上,3.5,3.7,2.4,3.1,3.7,31.3,0,1,7.2,1,1093,0.5,101.0,3.0,72.8,0.7,0.6,28.6,7,0.3,0.2,0.3,1,1,1,0,1,2,5,3,1,270
469,224,女,25,硕士及以上,3.5,3.7,2.4,3.1,3.7,9.0,1,1,26.1,1,1254,0.8,96.2,2.7,92.2,0.7,0.6,40.3,6,0.3,0.3,0.4,0,1,0,1,1,2,5,6,1,240
470,96,男,22,硕士及以上,4.4,3.4,3.6,1.9,3.5,14.1,0,1,13.7,1,1357,0.9,78.4,17.4,78.4,0.8,0.2,43.3,2,0.2,0.4,0.4,-1,0,-1,1,0,2,1,1,1,120
471,96,男,22,硕士及以上,4.4,3.4,3.6,1.9,3.5,20.7,1,1,18.2,1,2168,0.7,103.4,20.1,68.5,0.8,0.3,30.8,2,0.2,0.2,0.5,0,0,-1,0,1,2,2,1,0,120
472,96,男,22,硕士及以上,4.4,3.4,3.6,1.9,3.5,23.5,1,1,18.4,1,1993,0.7,84.3,6.7,63.0,0.5,0.2,28.6,5,0.2,0.1,0.5,-1,0,-1,0,1,2,2,4,0,210
473,96,男,22,硕士及以上,4.4,3.4,3.6,1.9,3.5,20.8,1,2,22.2,1,2118,0.9,123.1,7.2,58.2,0.8,0.1,37.3,2,0.2,0.1,0.4,0,0,-1,0,0,1,2,1,1,120
474,96,男,22,硕士及以上,4.4,3.4,3.6,1.9,3.5,22.5,0,1,16.7,1,2030,0.9,94.9,7.7,37.5,0.8,0.4,28.7,3,0.3,0.1,0.4,1,0,-1,1,1,1,2,5,1,150
475,96,男,22,硕士及以上,4.4,3.4,3.6,1.9,3.5,18.2,1,1,26.5,1,1364,0.7,119.9,6.5,72.7,0.5,0.4,58.2,3,0.3,0.1,0.4,0,0,-1,0,1,2,2,6,1,150
476,96,男,22,硕士及以上,4.4,3.4,3.6,1.9,3.5,13.6,0,2,32.4,1,2020,0.8,86.6,19.8,92.0,0.8,0.1,32.8,8,0.2,0.2,0.3,0,0,-1,1,0,1,2,2,1,300
477,96,男,22,硕士及以上,4.4,3.4,3.6,1.9,3.5,12.0,1,1,24.4,1,1428,0.7,90.7,7.6,62.5,0.8,0.3,65.1,3,0.3,0.1,0.5,-1,0,-1,0,0,2,1,6,1,150
478,96,男,22,硕士及以上,4.4,3.4,3.6,1.9,3.5,40.8,0,2,21.1,1,2194,0.7,116.4,12.4,92.6,0.8,0.1,38.9,7,0.1,0.3,0.5,1,1,0,0,0,2,2,2,0,270
479,96,男,22,硕士及以上,4.4,3.4,3.6,1.9,3.5,39.6,1,2,19.1,1,2106,0.8,99.7,6.7,55.1,0.8,0.1,38.8,6,0.4,0.1,0.4,0,1,1,0,1,1,1,2,0,240
480,76,女,24,硕士及以上,2.8,4.3,4.0,3.9,2.9,12.0,1,1,2.1,1,1120,0.9,16.1,0.6,47.5,0.8,0.2,55.5,3,0.1,0.4,0.2,0,1,1,1,1,2,4,4,0,150
481,76,女,24,硕士及以上,2.8,4.3,4.0,3.9,2.9,16.2,1,1,15.9,1,964,0.8,57.1,1.4,20.5,0.9,0.4,69.3,6,0.1,0.5,0.3,0,1,1,1,0,1,5,1,0,240
482,76,女,24,硕士及以上,2.8,4.3,4.0,3.9,2.9,20.5,1,1,5.1,1,1160,0.6,60.7,1.4,48.8,0.8,0.4,49.9,3,0.0,0.3,0.2,1,1,1,0,1,2,1,3,1,150
483,76,女,24,硕士及以上,2.8,4.3,4.0,3.9,2.9,29.3,1,1,10.2,1,306,0.9,35.3,1.8,47.2,0.9,0.2,96.3,3,0.1,0.3,0.2,1,1,1,1,1,2,5,2,1,150
484,76,女,24,硕士及以上,2.8,4.3,4.0,3.9,2.9,5.0,1,1,9.3,1,974,0.9,15.0,22.0,50.6,0.8,0.3,59.3,3,0.1,0.3,0.3,1,1,0,1,1,2,5,5,0,150
485,76,女,24,硕士及以上,2.8,4.3,4.0,3.9,2.9,8.3,1,1,13.8,1,1019,0.6,64.4,0.9,43.7,0.8,0.3,99.6,3,0.1,0.4,0.3,1,1,1,0,0,2,2,4,1,150
486,76,女,24,硕士及以上,2.8,4.3,4.0,3.9,2.9,4.9,1,1,27.7,1,1129,0.7,15.3,11.9,57.3,0.6,0.2,69.5,3,0.0,0.3,0.2,1,1,0,1,0,1,5,6,0,150
487,76,女,24,硕士及以上,2.8,4.3,4.0,3.9,2.9,30.7,1,1,15.8,1,990,0.8,19.8,1.8,51.3,0.9,0.2,46.4,4,0.2,0.3,0.2,1,1,0,0,0,2,0,1,1,180
488,76,女,24,硕士及以上,2.8,4.3,4.0,3.9,2.9,28.9,1,1,16.5,1,319,0.6,62.4,1.8,20.7,0.9,0.3,53.3,3,0.0,0.3,0.2,1,1,0,0,0,2,1,2,1,150
489,76,女,24,硕士及以上,2.8,4.3,4.0,3.9,2.9,24.0,1,1,9.3,1,976,0.8,48.3,1.2,76.1,0.9,0.4,57.9,3,0.0,0.4,0.2,1,1,0,1,0,1,0,2,0,150
490,207,女,25,硕士及以上,2.8,4.0,3.3,3.5,3.3,19.5,1,1,25.3,1,666,0.6,106.1,26.9,91.9,0.7,0.7,79.4,4,0.2,0.2,0.4,-1,1,1,0,0,2,2,4,0,180
491,207,女,25,硕士及以上,2.8,4.0,3.3,3.5,3.3,22.0,1,1,14.2,1,1117,0.7,118.1,1.9,94.2,0.7,0.4,65.1,4,0.3,0.1,0.4,0,1,1,0,0,1,1,1,1,180
492,207,女,25,硕士及以上,2.8,4.0,3.3,3.5,3.3,29.1,1,1,38.0,1,769,0.8,82.3,1.5,107.1,0.6,0.6,112.7,4,0.4,0.1,0.4,0,1,1,1,0,2,2,2,1,180
493,207,女,25,硕士及以上,2.8,4.0,3.3,3.5,3.3,7.1,1,1,27.0,1,998,0.6,107.3,1.3,58.1,0.8,0.5,65.4,7,0.3,0.2,0.3,1,1,1,1,0,1,1,2,0,270
494,207,女,25,硕士及以上,2.8,4.0,3.3,3.5,3.3,6.6,1,1,20.5,1,1030,0.8,73.7,1.4,58.3,0.6,0.5,73.1,5,0.3,0.1,0.5,1,1,0,0,0,2,2,2,0,210
495,207,女,25,硕士及以上,2.8,4.0,3.3,3.5,3.3,13.3,1,1,11.8,1,914,0.8,90.5,2.1,113.4,0.8,0.6,104.1,3,0.2,0.4,0.5,0,1,1,1,1,2,1,2,1,150
496,207,女,25,硕士及以上,2.8,4.0,3.3,3.5,3.3,16.2,1,1,25.5,1,317,0.7,86.4,5.3,89.5,0.7,0.4,86.4,4,0.3,0.1,0.4,-1,1,1,1,1,2,2,4,0,180
497,207,女,25,硕士及以上,2.8,4.0,3.3,3.5,3.3,7.8,1,1,26.8,1,1165,0.8,109.4,2.4,102.5,0.6,0.6,67.0,7,0.2,0.3,0.3,0,1,0,1,0,2,2,6,0,270
498,207,女,25,硕士及以上,2.8,4.0,3.3,3.5,3.3,19.7,1,1,39.4,1,686,0.8,72.6,2.3,96.7,0.8,0.5,87.2,4,0.2,0.1,0.4,0,1,1,1,0,1,2,4,1,180
499,207,女,25,硕士及以上,2.8,4.0,3.3,3.5,3.3,5.4,1,1,25.2,1,926,0.8,71.0,7.9,93.9,0.6,0.5,113.4,3,0.2,0.2,0.5,1,1,1,1,0,2,2,6,1,150
